req,stage,voice,style,frame,pos,word,cls,keihan_src,status,shape,register,label,r_heiban,r_odaka,r_atama
1,gate,ja-jp-csagent-11,N,standard,1,糸,4,類,ok,atamadaka,high,tokyo,-0.6308125743317474,-0.34827349474113806,0.16176370873607898
1,gate,ja-jp-csagent-11,N,standard,2,麦,4,類,ok,atamadaka,high,tokyo,-0.2349042491060665,0.334915606374383,0.9688913982503927
1,gate,ja-jp-csagent-11,N,standard,3,夢,2,確認,ok,odaka,low,tokyo,0.9039594468872798,0.9471190239001045,0.07060790783300304
1,gate,ja-jp-csagent-11,N,standard,4,顔,1,類,ok,heiban,low,tokyo,0.8903612034448388,0.694747829665356,-0.28794939017683596
1,gate,ja-jp-csagent-11,N,standard,5,雨,5,確認,ok,atamadaka,high,tokyo,-0.12227677293965529,0.4661174266851714,0.9572448567911634
1,gate,ja-jp-csagent-11,N,standard,6,鍋,5,類,ok,atamadaka,high,tokyo,-0.019712915156069148,0.5136528500574884,0.8911584864360402
1,gate,ja-jp-csagent-11,N,standard,7,鳥,1,類,ok,heiban,low,tokyo,0.6734395837312817,0.5536176081499271,-0.3425132759322093
1,gate,ja-jp-csagent-11,N,standard,8,耳,3,確認,ok,odaka,low,tokyo,0.7920919653889035,0.9748219122112954,0.2704266390600024
1,gate,ja-jp-csagent-11,N,standard,9,春,5,確認,ok,atamadaka,high,tokyo,-0.1481395718656108,0.4471558145080318,0.9568230893357514
1,gate,ja-jp-csagent-11,N,standard,10,庭,1,類,ok,heiban,low,tokyo,0.9684046930804405,0.6352428298849422,-0.5126816507789776
1,gate,ja-jp-csagent-11,N,standard,11,川,2,確認,ok,heiban,low,tokyo,0.5233682433927996,0.4499970391963235,-0.30550807920283324
1,gate,ja-jp-csagent-11,N,standard,12,肩,4,類,ok,atamadaka,high,tokyo,-0.49595821188484107,-0.1311169827373123,0.5300227256942383
1,gate,ja-jp-csagent-11,N,standard,13,飴,1,類,ok,heiban,low,tokyo,0.9359319082648846,0.5274124779634746,-0.5976779897871713
1,gate,ja-jp-csagent-11,N,standard,14,海,4,類,ok,atamadaka,high,tokyo,-0.2785911922980565,0.33975253330638416,0.9686653630218385
1,gate,ja-jp-csagent-11,N,standard,15,水,1,類,ok,heiban,low,tokyo,0.9558142225911,0.605631652971713,-0.4880568526339309
1,gate,ja-jp-csagent-11,N,standard,16,声,5,類,ok,atamadaka,high,tokyo,-0.38690746267661164,0.24107214412812913,0.9113953536802056
1,gate,ja-jp-csagent-11,N,standard,17,紙,2,確認,ok,heiban,low,tokyo,0.9537083965141233,0.814272552775983,-0.25318482163101846
1,gate,ja-jp-csagent-11,N,standard,18,稲,4,類,ok,atamadaka,high,tokyo,-0.17411858507762626,0.43917019188463713,0.9812000492671356
1,gate,ja-jp-csagent-11,N,standard,19,花,3,確認,ok,odaka,low,tokyo,0.8270813049697082,0.8471548840918784,-0.08920314187350283
1,gate,ja-jp-csagent-11,N,standard,20,窓,5,類,ok,atamadaka,high,tokyo,-0.09089404952961437,0.15992198285900022,0.4406302117196019
1,gate,ja-jp-csagent-11,N,standard,21,前,5,確認,ok,atamadaka,high,tokyo,-0.022322012725593986,0.49901616781115593,0.904745112818601
1,gate,ja-jp-csagent-11,N,standard,22,針,4,類,ok,atamadaka,high,tokyo,-0.14141893180351975,0.19149059648563704,0.5512908926921044
1,gate,ja-jp-csagent-11,N,standard,23,山,3,確認,ok,odaka,low,tokyo,0.8845751450635637,0.9638088464080532,0.13865789546010787
1,gate,ja-jp-csagent-11,N,standard,24,鼻,1,類,ok,heiban,low,tokyo,0.8646770621929687,0.5355523641170079,-0.5749582540140036
2,gate,ja-jp-tutor-10,N,standard,1,前,5,確認,ok,atamadaka,high,tokyo,0.25170113674904515,0.5944749827128011,0.6802283040783634
2,gate,ja-jp-tutor-10,N,standard,2,紙,2,確認,ok,heiban,low,tokyo,0.6393263246346652,0.6237684987408904,-0.11910273831951115
2,gate,ja-jp-tutor-10,N,standard,3,山,3,確認,ok,heiban,low,tokyo,0.9507751669509227,0.9241807300398108,-0.05128975894990729
2,gate,ja-jp-tutor-10,N,standard,4,顔,1,類,ok,heiban,low,tokyo,0.9473944912925898,0.715280579535052,-0.25429851988556623
2,gate,ja-jp-tutor-10,N,standard,5,針,4,類,ok,atamadaka,high,tokyo,-0.273385737341165,0.32929147291615335,0.9703634748447554
2,gate,ja-jp-tutor-10,N,standard,6,肩,4,類,ok,atamadaka,high,tokyo,-0.5288513759654554,-0.21511815489289499,0.46552377060706984
2,gate,ja-jp-tutor-10,N,standard,7,飴,1,類,ok,heiban,low,tokyo,0.9887617012976374,0.7222986597978932,-0.3367825766143441
2,gate,ja-jp-tutor-10,N,standard,8,夢,2,確認,ok,heiban,low,tokyo,0.26603050418840185,0.17930629848621157,-0.13922682830920577
2,gate,ja-jp-tutor-10,N,standard,9,麦,4,類,ok,atamadaka,high,tokyo,-0.007800294193449436,0.507458852409207,0.9062056851418999
2,gate,ja-jp-tutor-10,N,standard,10,鍋,5,類,ok,atamadaka,high,tokyo,0.03765894167574946,0.5771885455187356,0.8977252074391912
2,gate,ja-jp-tutor-10,N,standard,11,雨,5,確認,ok,atamadaka,high,tokyo,-0.8150072858505266,-0.49803314332112786,0.38959522824447185
2,gate,ja-jp-tutor-10,N,standard,12,海,4,類,ok,atamadaka,high,tokyo,-0.28239908496632476,0.34216221991714724,0.971857151928003
2,gate,ja-jp-tutor-10,N,standard,13,庭,1,類,ok,heiban,low,tokyo,0.9654186742042685,0.6558669321244142,-0.40968781332545723
2,gate,ja-jp-tutor-10,N,standard,14,鼻,1,類,ok,odaka,low,tokyo,0.7721767191431403,0.9877233202708829,0.3127572468237807
2,gate,ja-jp-tutor-10,N,standard,15,声,5,類,ok,atamadaka,high,tokyo,-0.34088968816277126,0.2590729509861318,0.9743048876139508
2,gate,ja-jp-tutor-10,N,standard,16,花,3,確認,ok,odaka,low,tokyo,0.40638423844211125,0.49962169724505856,-0.0759479741958876
2,gate,ja-jp-tutor-10,N,standard,17,糸,4,類,ok,atamadaka,high,tokyo,-0.09438594946734025,0.4998886317677092,0.9037569758397
2,gate,ja-jp-tutor-10,N,standard,18,窓,5,類,ok,atamadaka,high,tokyo,-0.1116111622327653,0.12394506260818466,0.39032364687647625
2,gate,ja-jp-tutor-10,N,standard,19,春,5,確認,ok,atamadaka,high,tokyo,-0.23826256871954596,0.38872677126541416,0.983865302694727
2,gate,ja-jp-tutor-10,N,standard,20,水,1,類,ok,heiban,low,tokyo,0.9720738072338819,0.6433906907583593,-0.4535898325843121
2,gate,ja-jp-tutor-10,N,standard,21,鳥,1,類,ok,heiban,low,tokyo,0.9740420061332814,0.6131750984873797,-0.5270523935212452
2,gate,ja-jp-tutor-10,N,standard,22,耳,3,確認,ok,odaka,low,tokyo,0.5189708917054124,0.9029557109277581,0.6284331508315399
2,gate,ja-jp-tutor-10,N,standard,23,稲,4,類,ok,atamadaka,high,tokyo,-0.44993667245164326,0.1606327854227636,0.9634483110865716
2,gate,ja-jp-tutor-10,N,standard,24,川,2,確認,ok,odaka,low,tokyo,0.7761908097107874,0.9827145868116176,0.29922390856813164
3,gate,ja-jp-podcaster-1,N,standard,1,前,5,確認,ok,atamadaka,high,tokyo,-0.5955344792715461,-0.05224205193198429,0.8967827042461797
3,gate,ja-jp-podcaster-1,N,standard,2,水,1,類,ok,heiban,low,tokyo,0.9889944323052198,0.7199733648312708,-0.372264793408584
3,gate,ja-jp-podcaster-1,N,standard,3,雨,5,確認,ok,atamadaka,high,tokyo,-0.29739566771496584,0.3200855836382624,0.9771845869428556
3,gate,ja-jp-podcaster-1,N,standard,4,山,3,確認,ok,odaka,low,tokyo,0.6692681367853329,0.9703377095990132,0.46036143433146315
3,gate,ja-jp-podcaster-1,N,standard,5,耳,3,確認,ok,odaka,low,tokyo,0.46771734075678256,0.8921716073339924,0.6747335620601124
3,gate,ja-jp-podcaster-1,N,standard,6,糸,4,類,ok,atamadaka,high,tokyo,-0.34753813011470436,0.0997512534380127,0.703130783415414
3,gate,ja-jp-podcaster-1,N,standard,7,海,4,類,ok,atamadaka,high,tokyo,-0.19046367541613515,0.44505610159839937,0.9745880832884781
3,gate,ja-jp-podcaster-1,N,standard,8,稲,4,類,ok,atamadaka,high,tokyo,-0.22010602630894147,0.38941943765710324,0.9784993426018451
3,gate,ja-jp-podcaster-1,N,standard,9,庭,1,類,ok,heiban,low,tokyo,0.9861398551367159,0.6808703101726401,-0.4034183953216065
3,gate,ja-jp-podcaster-1,N,standard,10,窓,5,類,ok,atamadaka,high,tokyo,-0.012729769317689502,0.5593770197379763,0.9351853239789477
3,gate,ja-jp-podcaster-1,N,standard,11,川,2,確認,ok,odaka,low,tokyo,0.678062385092398,0.9830318352128966,0.4059836111553602
3,gate,ja-jp-podcaster-1,N,standard,12,飴,1,類,ok,heiban,low,tokyo,0.987280076454357,0.6908108290125367,-0.390700712664113
3,gate,ja-jp-podcaster-1,N,standard,13,鍋,5,類,ok,atamadaka,high,tokyo,-0.26522730072969997,0.3042045164502068,0.9518915460964991
3,gate,ja-jp-podcaster-1,N,standard,14,顔,1,類,ok,heiban,low,tokyo,0.9767064071332676,0.7652899286831407,-0.3025153598973086
3,gate,ja-jp-podcaster-1,N,standard,15,麦,4,類,ok,atamadaka,high,tokyo,-0.3444337132820081,0.24822148419155485,0.9629952382911728
3,gate,ja-jp-podcaster-1,N,standard,16,春,5,確認,ok,atamadaka,high,tokyo,-0.16889807200440002,0.44982463996059885,0.9691107736785355
3,gate,ja-jp-podcaster-1,N,standard,17,花,3,確認,ok,odaka,low,tokyo,0.2704310110195009,0.7989946315469008,0.7742952535311903
3,gate,ja-jp-podcaster-1,N,standard,18,針,4,類,ok,atamadaka,high,tokyo,-0.4607591066223472,0.16788853744252116,0.9732066370653948
3,gate,ja-jp-podcaster-1,N,standard,19,鳥,1,類,ok,heiban,low,tokyo,0.9523109816087962,0.8166144292606776,-0.09339796758223964
3,gate,ja-jp-podcaster-1,N,standard,20,紙,2,確認,ok,atamadaka,high,keihan,0.22600487185953974,0.775413759056096,0.7972858427933054
3,gate,ja-jp-podcaster-1,N,standard,21,鼻,1,類,ok,odaka,low,tokyo,0.6330443319788733,0.9329557062360001,0.3879214966769211
3,gate,ja-jp-podcaster-1,N,standard,22,夢,2,確認,ok,odaka,low,tokyo,0.6049110908769146,0.9358684104703169,0.5519618367207739
3,gate,ja-jp-podcaster-1,N,standard,23,肩,4,類,ok,atamadaka,high,tokyo,-0.3473143242994385,0.29965758644218926,0.9730155376963888
3,gate,ja-jp-podcaster-1,N,standard,24,声,5,類,ok,atamadaka,high,tokyo,-0.5644042205191669,0.07615014780511485,0.9507908461069899
4,main,ja-jp-concierge-3,K,kansai,1,顔,1,類,ok,odaka,low,tokyo,0.27990840846089127,0.7171511348007669,0.6496704154712364
4,main,ja-jp-concierge-3,K,kansai,2,窓,5,類,ok,odaka,low,keihan,0.4993383418995542,0.5618311022852321,0.042841197036978654
4,main,ja-jp-concierge-3,K,kansai,3,水,1,類,ok,odaka,low,tokyo,0.7220670577361036,0.8410923526516338,0.22114821708479257
4,main,ja-jp-concierge-3,K,kansai,4,前,5,確認,ok,odaka,low,keihan,0.452393820957614,0.8719854235402127,0.6832697288610079
4,main,ja-jp-concierge-3,K,kansai,5,声,5,類,ok,odaka,low,keihan,0.4566116174416566,0.5725266881578097,0.13592004159943374
4,main,ja-jp-concierge-3,K,kansai,6,耳,3,確認,ok,atamadaka,high,keihan,0.052374993547813865,0.3105771904641471,0.33132260168493693
4,main,ja-jp-concierge-3,K,kansai,7,鳥,1,類,ok,atamadaka,high,not_tokyo,-0.18152551362812883,0.37972460060700536,0.6950041977181078
4,main,ja-jp-concierge-3,K,kansai,8,肩,4,類,ok,odaka,low,keihan,0.23118421618895077,0.24376580941252068,-0.20269761845408935
4,main,ja-jp-concierge-3,K,kansai,9,紙,2,確認,ok,atamadaka,high,keihan,-0.30862422329370126,0.1622669382340434,0.613521525225451
4,main,ja-jp-concierge-3,K,kansai,10,鍋,5,類,ok,odaka,low,keihan,0.7785725452824355,0.9843388693577322,0.33151061821559547
4,main,ja-jp-concierge-3,K,kansai,11,春,5,確認,ok,atamadaka,high,tokyo,-0.433563678379146,-0.37833925224001336,0.0007355631958563779
4,main,ja-jp-concierge-3,K,kansai,12,飴,1,類,ok,odaka,low,tokyo,0.44391941855332767,0.871764079370079,0.6811217729886604
4,main,ja-jp-concierge-3,K,kansai,13,夢,2,確認,ok,atamadaka,high,keihan,-0.2674922878492046,0.10350889811914532,0.49129980217269725
4,main,ja-jp-concierge-3,K,kansai,14,鼻,1,類,ok,odaka,low,tokyo,0.5452763367846052,0.8950148035512675,0.5837181585637613
4,main,ja-jp-concierge-3,K,kansai,15,雨,5,確認,ok,odaka,low,keihan,0.5932971451439366,0.95277995367048,0.5127401850810611
4,main,ja-jp-concierge-3,K,kansai,16,稲,4,類,ok,odaka,low,keihan,0.6903839556975594,0.9583659400788898,0.43855478629663874
4,main,ja-jp-concierge-3,K,kansai,17,花,3,確認,ok,odaka,low,tokyo,0.6776811391658817,0.970986891828342,0.45493615774824164
4,main,ja-jp-concierge-3,K,kansai,18,川,2,確認,ok,atamadaka,high,keihan,-0.3010169770878776,-0.005867564065937213,0.31311828178325773
4,main,ja-jp-concierge-3,K,kansai,19,海,4,類,ok,odaka,low,keihan,0.34472739249854223,0.5807181880582376,0.26804553253161034
4,main,ja-jp-concierge-3,K,kansai,20,庭,1,類,ok,odaka,low,tokyo,0.5927759222542314,0.9058011466552573,0.487531017928725
4,main,ja-jp-concierge-3,K,kansai,21,針,4,類,ok,odaka,low,keihan,0.12411468070513425,0.4367952948000805,0.3920789264390408
4,main,ja-jp-concierge-3,K,kansai,22,山,3,確認,ok,atamadaka,high,keihan,-0.2211458565323126,0.15115470241887985,0.5269119919555392
4,main,ja-jp-concierge-3,K,kansai,23,麦,4,類,ok,odaka,low,keihan,0.5494642624457289,0.932498431782056,0.5922381934641854
4,main,ja-jp-concierge-3,K,kansai,24,糸,4,類,ok,atamadaka,high,tokyo,-0.3130367397256046,-0.35243172764454367,-0.30538721685123993
5,main,ja-jp-assistant-8,K,kansai,1,水,1,類,ok,odaka,low,tokyo,0.46045621195042646,0.831191117031094,0.3811347717459224
5,main,ja-jp-assistant-8,K,kansai,2,稲,4,類,ok,atamadaka,high,tokyo,-0.6748380357029488,-0.09623560124021206,0.8975543603962401
5,main,ja-jp-assistant-8,K,kansai,3,肩,4,類,ok,odaka,low,keihan,0.30715679994205786,0.7753173957798133,0.6741823290458666
5,main,ja-jp-assistant-8,K,kansai,4,顔,1,類,ok,atamadaka,high,not_tokyo,-0.23460319962367454,0.3142464905916171,0.67320447398206
5,main,ja-jp-assistant-8,K,kansai,5,鳥,1,類,ok,odaka,low,tokyo,0.44295714489904714,0.8344440027207114,0.5270121643991456
5,main,ja-jp-assistant-8,K,kansai,6,耳,3,確認,ok,atamadaka,high,keihan,-0.6890293929580255,-0.12306679443435307,0.8805815440591347
5,main,ja-jp-assistant-8,K,kansai,7,夢,2,確認,ok,atamadaka,high,keihan,-0.6171999053809375,-0.043463289774761854,0.9202809646819725
5,main,ja-jp-assistant-8,K,kansai,8,雨,5,確認,ok,atamadaka,high,tokyo,-0.5296578690107782,0.07177440842359795,0.9379167949917809
5,main,ja-jp-assistant-8,K,kansai,9,紙,2,確認,ok,atamadaka,high,keihan,-0.7928756131055797,-0.24281166164337964,0.811832356245424
5,main,ja-jp-assistant-8,K,kansai,10,鍋,5,類,ok,odaka,low,keihan,0.5912694222932896,0.9436519221862367,0.5584994865921074
5,main,ja-jp-assistant-8,K,kansai,11,声,5,類,ok,odaka,low,keihan,0.4550536866852519,0.8888101584459659,0.6697066842113834
5,main,ja-jp-assistant-8,K,kansai,12,庭,1,類,ok,odaka,low,tokyo,0.6875483010941517,0.9680932732740811,0.45992959272328643
5,main,ja-jp-assistant-8,K,kansai,13,窓,5,類,ok,odaka,low,keihan,0.8910696074788156,0.9658059098376391,0.09692407911167006
5,main,ja-jp-assistant-8,K,kansai,14,花,3,確認,ok,atamadaka,high,keihan,-0.8445987389045094,-0.3520412104364105,0.7416188972237854
5,main,ja-jp-assistant-8,K,kansai,15,春,5,確認,ok,odaka,low,keihan,0.580346956761801,0.9444567437908714,0.5275650447487571
5,main,ja-jp-assistant-8,K,kansai,16,鼻,1,類,ok,atamadaka,high,not_tokyo,-0.2812940176522368,0.3740650191608772,0.8985702534918726
5,main,ja-jp-assistant-8,K,kansai,17,飴,1,類,ok,atamadaka,high,not_tokyo,-0.5705537239009746,0.02444829219976962,0.9424390319334193
5,main,ja-jp-assistant-8,K,kansai,18,海,4,類,ok,atamadaka,high,tokyo,-0.7874039413646369,-0.2289679076117912,0.7919474490872929
5,main,ja-jp-assistant-8,K,kansai,19,麦,4,類,ok,atamadaka,high,tokyo,-0.6330323806676756,-0.09937237665996775,0.881998606407854
5,main,ja-jp-assistant-8,K,kansai,20,山,3,確認,ok,atamadaka,high,keihan,-0.462879863610789,0.10824663218493324,0.9188181798933551
5,main,ja-jp-assistant-8,K,kansai,21,川,2,確認,ok,atamadaka,high,keihan,-0.9365333799696824,-0.5082521198057128,0.5841366730077528
5,main,ja-jp-assistant-8,K,kansai,22,前,5,確認,ok,atamadaka,high,tokyo,0.05642380968849807,0.593150914983576,0.8948828116783607
5,main,ja-jp-assistant-8,K,kansai,23,糸,4,類,ok,odaka,low,keihan,0.5370617364796118,0.9096215377344636,0.6027599560673377
5,main,ja-jp-assistant-8,K,kansai,24,針,4,類,ok,atamadaka,high,tokyo,-0.8389403438604452,-0.32424546259834836,0.7704350746456478
6,main,ja-jp-podcaster-3,K,kansai,1,花,3,確認,ok,odaka,low,tokyo,0.3630193379893566,0.48242628198909004,0.20750257880736725
6,main,ja-jp-podcaster-3,K,kansai,2,耳,3,確認,ok,atamadaka,high,keihan,-0.2952335243378863,0.27180606059540946,0.9512018336025261
6,main,ja-jp-podcaster-3,K,kansai,3,前,5,確認,ok,odaka,low,keihan,0.34295964568995424,0.7184745458396583,0.501354216759491
6,main,ja-jp-podcaster-3,K,kansai,4,針,4,類,ok,heiban,low,keihan,0.14397190180664496,0.10382304584917111,-0.1924642702666145
6,main,ja-jp-podcaster-3,K,kansai,5,夢,2,確認,ok,atamadaka,high,keihan,-0.03322135488798397,0.34145633939681524,0.5418630347747092
6,main,ja-jp-podcaster-3,K,kansai,6,麦,4,類,ok,atamadaka,high,tokyo,-0.039103964560846666,0.3477428105734084,0.5495853342743406
6,main,ja-jp-podcaster-3,K,kansai,7,鼻,1,類,ok,atamadaka,high,not_tokyo,-0.044011566072620016,0.5988844982232762,0.8767280884321397
6,main,ja-jp-podcaster-3,K,kansai,8,雨,5,確認,ok,atamadaka,high,tokyo,-0.6663546835893424,-0.49133921689484494,0.14261365760590713
6,main,ja-jp-podcaster-3,K,kansai,9,紙,2,確認,ok,atamadaka,high,keihan,-0.38281269341782764,0.13345973172655823,0.6421274618339894
6,main,ja-jp-podcaster-3,K,kansai,10,窓,5,類,ok,odaka,low,keihan,0.4179542196856053,0.8573456834123011,0.7055648609347503
6,main,ja-jp-podcaster-3,K,kansai,11,川,2,確認,ok,atamadaka,high,keihan,-0.6624960021441049,-0.08470222582041409,0.8930075710265485
6,main,ja-jp-podcaster-3,K,kansai,12,春,5,確認,ok,atamadaka,high,tokyo,-0.3201628066278361,-0.10425395873035635,0.1200595078711072
6,main,ja-jp-podcaster-3,K,kansai,13,糸,4,類,ok,heiban,low,keihan,0.2855975030459897,0.24612388521695255,-0.30029789632234166
6,main,ja-jp-podcaster-3,K,kansai,14,海,4,類,ok,odaka,low,keihan,0.30585245840481945,0.6004478307413883,0.5686526156346269
6,main,ja-jp-podcaster-3,K,kansai,15,声,5,類,ok,atamadaka,high,tokyo,0.14199629592367863,0.7107957540990665,0.8138929265825519
6,main,ja-jp-podcaster-3,K,kansai,16,飴,1,類,ok,atamadaka,high,not_tokyo,-0.164295831392032,0.15017840018124323,0.26485420311332625
6,main,ja-jp-podcaster-3,K,kansai,17,肩,4,類,ok,atamadaka,high,tokyo,-0.5925276752864845,0.024383988411906046,0.9158742730085733
6,main,ja-jp-podcaster-3,K,kansai,18,稲,4,類,ok,odaka,low,keihan,0.5738049603554094,0.8425079895586839,0.5067165481200167
6,main,ja-jp-podcaster-3,K,kansai,19,鍋,5,類,ok,odaka,low,keihan,0.6046756432488852,0.933875592521508,0.5535515259452898
6,main,ja-jp-podcaster-3,K,kansai,20,鳥,1,類,ok,odaka,low,tokyo,0.44863146256912445,0.8541612936018886,0.5964283501240872
6,main,ja-jp-podcaster-3,K,kansai,21,水,1,類,ok,odaka,low,tokyo,0.4594661489216543,0.6559574731527555,0.3760950505288513
6,main,ja-jp-podcaster-3,K,kansai,22,山,3,確認,ok,atamadaka,high,keihan,-0.45457166199609256,0.13609712383499556,0.953133279143135
6,main,ja-jp-podcaster-3,K,kansai,23,顔,1,類,ok,atamadaka,high,not_tokyo,-0.010106238515699521,0.5780547600915905,0.7589428254844222
6,main,ja-jp-podcaster-3,K,kansai,24,庭,1,類,ok,odaka,low,tokyo,0.45667234509021953,0.8258026540535255,0.6063727835164097
7,main,ja-jp-advisor-6,K,kansai,1,鼻,1,類,ok,atamadaka,high,not_tokyo,-0.10600418376491023,0.5525630632429747,0.8843429403387404
7,main,ja-jp-advisor-6,K,kansai,2,飴,1,類,ok,heiban,low,tokyo,0.8287196064338812,0.751138500752011,-0.2292378202177574
7,main,ja-jp-advisor-6,K,kansai,3,紙,2,確認,ok,atamadaka,high,keihan,-0.42278671334655493,0.0814578466900426,0.604479900308345
7,main,ja-jp-advisor-6,K,kansai,4,耳,3,確認,ok,atamadaka,high,keihan,-0.5082632630735703,0.08192377319301658,0.9405785602682875
7,main,ja-jp-advisor-6,K,kansai,5,海,4,類,ok,atamadaka,high,tokyo,-0.6656365900636226,-0.06494077615074678,0.9041385432092028
7,main,ja-jp-advisor-6,K,kansai,6,山,3,確認,ok,atamadaka,high,keihan,-0.5786310813373468,0.005206645491029301,0.9279716784456553
7,main,ja-jp-advisor-6,K,kansai,7,鍋,5,類,ok,odaka,low,keihan,0.5236456948045093,0.9248312059419673,0.6248240457248729
7,main,ja-jp-advisor-6,K,kansai,8,春,5,確認,ok,odaka,low,keihan,0.2916955315996052,0.7992063567304624,0.7758238595664041
7,main,ja-jp-advisor-6,K,kansai,9,糸,4,類,ok,odaka,low,keihan,0.3947247065448287,0.8364339072158178,0.6878750890722546
7,main,ja-jp-advisor-6,K,kansai,10,雨,5,確認,ok,odaka,low,keihan,0.3275149019644598,0.7917508537873419,0.7678500818778281
7,main,ja-jp-advisor-6,K,kansai,11,針,4,類,ok,atamadaka,high,tokyo,-0.5279827528418679,0.11091445003034982,0.9598084582318552
7,main,ja-jp-advisor-6,K,kansai,12,川,2,確認,ok,atamadaka,high,keihan,-0.7176821275677946,-0.15386775979283754,0.8260086120724641
7,main,ja-jp-advisor-6,K,kansai,13,前,5,確認,ok,atamadaka,high,tokyo,-0.45056651807986886,-0.1823071135872702,0.31151931788290804
7,main,ja-jp-advisor-6,K,kansai,14,稲,4,類,ok,atamadaka,high,tokyo,0.08063368322764339,0.4641090468047554,0.5221049111208295
7,main,ja-jp-advisor-6,K,kansai,15,水,1,類,ok,odaka,low,tokyo,0.44983186197367686,0.8526878204789912,0.6404222831336749
7,main,ja-jp-advisor-6,K,kansai,16,花,3,確認,ok,atamadaka,high,keihan,-0.6030369780887996,-0.0014902092412566186,0.9283988950574205
7,main,ja-jp-advisor-6,K,kansai,17,顔,1,類,ok,atamadaka,high,not_tokyo,0.185705396477862,0.6290784722011026,0.7283401433992919
7,main,ja-jp-advisor-6,K,kansai,18,窓,5,類,ok,atamadaka,high,tokyo,-0.19392356256865134,0.21211208399480694,0.5262873366221029
7,main,ja-jp-advisor-6,K,kansai,19,肩,4,類,ok,atamadaka,high,tokyo,-0.6283506286366662,-0.11562266819335552,0.6523037153980483
7,main,ja-jp-advisor-6,K,kansai,20,庭,1,類,ok,atamadaka,high,not_tokyo,-0.04405730547861899,0.5507355307414469,0.8871305312403714
7,main,ja-jp-advisor-6,K,kansai,21,夢,2,確認,ok,atamadaka,high,keihan,-0.48616237842309046,-0.041446823425084565,0.7610720764152608
7,main,ja-jp-advisor-6,K,kansai,22,麦,4,類,ok,atamadaka,high,tokyo,-0.11350846761156129,0.2868754962451745,0.5935808446724361
7,main,ja-jp-advisor-6,K,kansai,23,鳥,1,類,ok,atamadaka,high,not_tokyo,0.17220370983133165,0.7563771529413661,0.8216385152085633
7,main,ja-jp-advisor-6,K,kansai,24,声,5,類,ok,atamadaka,high,tokyo,-0.21529947454690582,0.2385174655796276,0.5508267086774246
8,main,ja-jp-storyteller-9,K,kansai,1,鼻,1,類,ok,atamadaka,high,not_tokyo,-0.04517522686443873,0.5866383350034423,0.7924764900546303
8,main,ja-jp-storyteller-9,K,kansai,2,庭,1,類,ok,odaka,low,tokyo,0.5173761581884373,0.8382440402602259,0.5158571251148676
8,main,ja-jp-storyteller-9,K,kansai,3,肩,4,類,ok,odaka,low,keihan,0.7410380939998673,0.9304235858467578,0.14721667959208362
8,main,ja-jp-storyteller-9,K,kansai,4,鍋,5,類,ok,odaka,low,keihan,0.6471067702321275,0.964305462122181,0.5011330111401207
8,main,ja-jp-storyteller-9,K,kansai,5,紙,2,確認,ok,atamadaka,high,keihan,-0.49676620258795523,0.12713383825312266,0.9457007357498713
8,main,ja-jp-storyteller-9,K,kansai,6,稲,4,類,ok,odaka,low,keihan,0.49210147200121246,0.8990240942741998,0.6072783098334497
8,main,ja-jp-storyteller-9,K,kansai,7,山,3,確認,ok,atamadaka,high,keihan,-0.009889886030538,0.5546653205823445,0.9284609406962879
8,main,ja-jp-storyteller-9,K,kansai,8,川,2,確認,ok,atamadaka,high,keihan,-0.49046578719186856,0.13912525957642746,0.9668132141929306
8,main,ja-jp-storyteller-9,K,kansai,9,前,5,確認,ok,odaka,low,keihan,0.5952049976444532,0.9499073605622943,0.5296310856107107
8,main,ja-jp-storyteller-9,K,kansai,10,夢,2,確認,ok,atamadaka,high,keihan,-0.3131011546364508,0.25519348972727113,0.9588054190034047
8,main,ja-jp-storyteller-9,K,kansai,11,海,4,類,ok,atamadaka,high,tokyo,-0.5369986651972075,0.07794353941621249,0.9563066193134557
8,main,ja-jp-storyteller-9,K,kansai,12,針,4,類,ok,odaka,low,keihan,0.3294391718086689,0.8311929584564425,0.7632863151510891
8,main,ja-jp-storyteller-9,K,kansai,13,声,5,類,ok,atamadaka,high,tokyo,0.22816945834444008,0.7564130157939665,0.7964785351239454
8,main,ja-jp-storyteller-9,K,kansai,14,雨,5,確認,ok,odaka,low,keihan,0.8156062869369589,0.9869430313015891,0.26612361147468555
8,main,ja-jp-storyteller-9,K,kansai,15,顔,1,類,ok,odaka,low,tokyo,0.22821519788963662,0.7640248727575717,0.7126448534839606
8,main,ja-jp-storyteller-9,K,kansai,16,飴,1,類,ok,odaka,low,tokyo,0.4020751969360224,0.8625689846670258,0.7218880748023466
8,main,ja-jp-storyteller-9,K,kansai,17,糸,4,類,ok,odaka,low,keihan,0.4509593868291813,0.7318420644772262,0.5389164554345259
8,main,ja-jp-storyteller-9,K,kansai,18,麦,4,類,ok,odaka,low,keihan,0.672653843044858,0.9738056230242479,0.4630560790476982
8,main,ja-jp-storyteller-9,K,kansai,19,鳥,1,類,ok,atamadaka,high,not_tokyo,0.014583600217589811,0.5787849503983021,0.6248173214128768
8,main,ja-jp-storyteller-9,K,kansai,20,窓,5,類,ok,odaka,low,keihan,0.6716842030263844,0.972924063462947,0.4742246093795112
8,main,ja-jp-storyteller-9,K,kansai,21,春,5,確認,ok,odaka,low,keihan,0.7277044330968659,0.9808202867820106,0.3748321364213746
8,main,ja-jp-storyteller-9,K,kansai,22,耳,3,確認,ok,atamadaka,high,keihan,-0.3840356679039584,0.19421920792368286,0.9578691679267378
8,main,ja-jp-storyteller-9,K,kansai,23,花,3,確認,ok,odaka,low,tokyo,0.30883378936577494,0.8290997192253043,0.6872228438358553
8,main,ja-jp-storyteller-9,K,kansai,24,水,1,類,ok,odaka,low,tokyo,0.4644406343443601,0.8601217539375333,0.5920816032332759
9,main,ja-jp-storyteller-2,K,kansai,1,春,5,確認,ok,odaka,low,keihan,0.1641330088832789,0.4017170466234987,0.16519617612671444
9,main,ja-jp-storyteller-2,K,kansai,2,耳,3,確認,ok,atamadaka,high,keihan,-0.3102793178345456,0.16731046882097206,0.797100718471882
9,main,ja-jp-storyteller-2,K,kansai,3,飴,1,類,ok,odaka,low,tokyo,0.5718705585102062,0.7420410215338488,0.2017211255562872
9,main,ja-jp-storyteller-2,K,kansai,4,海,4,類,ok,atamadaka,high,tokyo,-0.638329109193605,-0.18387881634107128,0.6989061546250769
9,main,ja-jp-storyteller-2,K,kansai,5,山,3,確認,ok,atamadaka,high,keihan,-0.42649981083643496,0.05676171985957498,0.8541910398789557
9,main,ja-jp-storyteller-2,K,kansai,6,針,4,類,ok,odaka,low,keihan,0.5257614174577019,0.6705939894452366,0.08355794411421895
9,main,ja-jp-storyteller-2,K,kansai,7,稲,4,類,ok,odaka,low,keihan,0.6013938564829462,0.9386967657550469,0.5209812248995603
9,main,ja-jp-storyteller-2,K,kansai,8,窓,5,類,ok,odaka,low,keihan,0.4690524336296043,0.5456189382282876,-0.04889507873673227
9,main,ja-jp-storyteller-2,K,kansai,9,糸,4,類,ok,odaka,low,keihan,0.1932817531882084,0.4805046736733098,0.25115947264289773
9,main,ja-jp-storyteller-2,K,kansai,10,麦,4,類,ok,atamadaka,high,tokyo,-0.15580660527459267,0.4031374657726334,0.8141499855795209
9,main,ja-jp-storyteller-2,K,kansai,11,肩,4,類,ok,odaka,low,keihan,0.47756725824051377,0.9148165679220206,0.6171222426626412
9,main,ja-jp-storyteller-2,K,kansai,12,雨,5,確認,ok,atamadaka,high,tokyo,-0.37487014106245187,0.12331962919748435,0.8273054393394365
9,main,ja-jp-storyteller-2,K,kansai,13,鼻,1,類,ok,odaka,low,tokyo,0.4546702074068064,0.8952816692094238,0.6310401940325091
9,main,ja-jp-storyteller-2,K,kansai,14,川,2,確認,ok,atamadaka,high,keihan,-0.3880981350853707,0.24312873763833132,0.9751143123485427
9,main,ja-jp-storyteller-2,K,kansai,15,紙,2,確認,ok,atamadaka,high,keihan,-0.43990188099348226,0.16714836561961305,0.9732922420395557
9,main,ja-jp-storyteller-2,K,kansai,16,夢,2,確認,ok,atamadaka,high,keihan,-0.3275235700627669,0.1573740021615852,0.8413002648947163
9,main,ja-jp-storyteller-2,K,kansai,17,顔,1,類,ok,odaka,low,tokyo,0.8472269088584943,0.9179857345246855,0.13225557183004016
9,main,ja-jp-storyteller-2,K,kansai,18,声,5,類,ok,atamadaka,high,tokyo,-0.08172692825620038,0.21831313967511803,0.30009477242899707
9,main,ja-jp-storyteller-2,K,kansai,19,鳥,1,類,ok,odaka,low,tokyo,0.720466257299639,0.9864713927132784,0.32497087866582586
9,main,ja-jp-storyteller-2,K,kansai,20,花,3,確認,ok,odaka,low,tokyo,0.47690946152795505,0.909268484341665,0.6378771409903723
9,main,ja-jp-storyteller-2,K,kansai,21,前,5,確認,ok,atamadaka,high,tokyo,-0.07592908721056581,0.26604907472089,0.5716549671597092
9,main,ja-jp-storyteller-2,K,kansai,22,鍋,5,類,ok,odaka,low,keihan,0.2570572729907106,0.4809574987707331,0.1892958729646563
9,main,ja-jp-storyteller-2,K,kansai,23,庭,1,類,ok,atamadaka,high,not_tokyo,-0.4241811148761569,0.1376771342529546,0.9296643768381837
9,main,ja-jp-storyteller-2,K,kansai,24,水,1,類,ok,atamadaka,high,not_tokyo,-0.449327995604283,-0.07285414162381695,0.6145513492682464
10,main,ja-jp-concierge-3,N,kansai,1,川,2,確認,ok,atamadaka,high,keihan,0.02122542317890753,0.17470890015694915,0.21484942870921708
10,main,ja-jp-concierge-3,N,kansai,2,前,5,確認,ok,heiban,low,keihan,-0.14522755950485974,-0.483681996328093,-0.39913313944788326
10,main,ja-jp-concierge-3,N,kansai,3,顔,1,類,ok,odaka,low,tokyo,0.49753542227142505,0.8144016684965114,0.4434795638375528
10,main,ja-jp-concierge-3,N,kansai,4,鍋,5,類,ok,odaka,low,keihan,0.8253771052273189,0.985968339322744,0.23847283117264462
10,main,ja-jp-concierge-3,N,kansai,5,針,4,類,ok,odaka,low,keihan,0.7738482562428562,0.9899048113007394,0.3267893729387845
10,main,ja-jp-concierge-3,N,kansai,6,鳥,1,類,ok,odaka,low,tokyo,-0.0543821844659476,0.054261280991526266,0.029311217779139215
10,main,ja-jp-concierge-3,N,kansai,7,声,5,類,ok,atamadaka,high,tokyo,-0.274652485433448,0.03729704512566541,0.30989418373756905
10,main,ja-jp-concierge-3,N,kansai,8,鼻,1,類,ok,odaka,low,tokyo,0.7735161713533667,0.9542384366005603,0.24302271140373446
10,main,ja-jp-concierge-3,N,kansai,9,麦,4,類,ok,odaka,low,keihan,0.4745610399946099,0.5664029089235844,0.025449310287086878
10,main,ja-jp-concierge-3,N,kansai,10,庭,1,類,ok,odaka,low,tokyo,0.7063971131017566,0.8970439178512678,0.29466148341025916
10,main,ja-jp-concierge-3,N,kansai,11,耳,3,確認,ok,atamadaka,high,keihan,-0.39997230879465023,-0.01698880572291345,0.4829216268736633
10,main,ja-jp-concierge-3,N,kansai,12,糸,4,類,ok,odaka,low,keihan,0.2650482333805646,0.4331178125957162,0.07117210323714247
10,main,ja-jp-concierge-3,N,kansai,13,飴,1,類,ok,odaka,low,tokyo,0.07861718928353173,0.22721376373178467,0.020577450775578706
10,main,ja-jp-concierge-3,N,kansai,14,紙,2,確認,ok,atamadaka,high,keihan,-0.5261268460786164,-0.15494591902049518,0.5756851390529951
10,main,ja-jp-concierge-3,N,kansai,15,肩,4,類,ok,odaka,low,keihan,0.4064457717537546,0.5331367291301163,0.018646258349201025
10,main,ja-jp-concierge-3,N,kansai,16,雨,5,確認,ok,heiban,low,keihan,0.27919451113475346,0.2742765055487306,-0.19708403331940638
10,main,ja-jp-concierge-3,N,kansai,17,夢,2,確認,ok,atamadaka,high,keihan,-0.3592303400935596,-0.011824520271881769,0.43615818508792187
10,main,ja-jp-concierge-3,N,kansai,18,稲,4,類,ok,odaka,low,keihan,0.6143509265267914,0.9391306242631943,0.5002231295187757
10,main,ja-jp-concierge-3,N,kansai,19,水,1,類,ok,odaka,low,tokyo,0.5603560478184231,0.8724568916282752,0.4850831351279784
10,main,ja-jp-concierge-3,N,kansai,20,花,3,確認,ok,odaka,low,tokyo,0.871504243219664,0.8990363329091812,0.07795629296258944
10,main,ja-jp-concierge-3,N,kansai,21,山,3,確認,ok,atamadaka,high,keihan,-0.42439669630384863,-0.023997078473060294,0.6298420329331665
10,main,ja-jp-concierge-3,N,kansai,22,春,5,確認,ok,odaka,low,keihan,0.18856126173309595,0.45188050814897046,0.24114748626339658
10,main,ja-jp-concierge-3,N,kansai,23,窓,5,類,ok,odaka,low,keihan,0.5327845533284494,0.6193834746115914,0.07106641272462942
10,main,ja-jp-concierge-3,N,kansai,24,海,4,類,ok,odaka,low,keihan,0.40805580727287927,0.6255948680379849,0.20058665345956805
11,main,ja-jp-assistant-8,N,kansai,1,春,5,確認,ok,atamadaka,high,tokyo,-0.676184225319275,-0.09566465053619629,0.8842969897769517
11,main,ja-jp-assistant-8,N,kansai,2,川,2,確認,ok,atamadaka,high,keihan,-0.6361200579738971,-0.034131812959371295,0.8768107811358921
11,main,ja-jp-assistant-8,N,kansai,3,鳥,1,類,ok,heiban,low,tokyo,0.8749361315238944,0.7648678780306751,-0.302327058009044
11,main,ja-jp-assistant-8,N,kansai,4,飴,1,類,ok,odaka,low,tokyo,0.3716298421703762,0.7999166525464733,0.6375184808470712
11,main,ja-jp-assistant-8,N,kansai,5,花,3,確認,ok,atamadaka,high,keihan,-0.54341723729233,0.017454216244123112,0.9133699060992768
11,main,ja-jp-assistant-8,N,kansai,6,水,1,類,ok,heiban,low,tokyo,0.9045219548010917,0.6175720471129288,-0.413125396403472
11,main,ja-jp-assistant-8,N,kansai,7,夢,2,確認,ok,atamadaka,high,keihan,-0.48411351498340494,-0.11484646273964837,0.6367985346912456
11,main,ja-jp-assistant-8,N,kansai,8,庭,1,類,ok,odaka,low,tokyo,0.8301349817243694,0.8990297989469885,0.01940656973420087
11,main,ja-jp-assistant-8,N,kansai,9,鼻,1,類,ok,odaka,low,tokyo,0.8991302402858387,0.9602416130596391,0.10632784178348277
11,main,ja-jp-assistant-8,N,kansai,10,山,3,確認,ok,atamadaka,high,keihan,-0.36098341453787103,0.24230075514078733,0.9681563358380109
11,main,ja-jp-assistant-8,N,kansai,11,前,5,確認,ok,atamadaka,high,tokyo,-0.8429634169433898,-0.38180337042947843,0.6777745506244685
11,main,ja-jp-assistant-8,N,kansai,12,針,4,類,ok,atamadaka,high,tokyo,-0.47880955555988625,0.13690816279782161,0.9456777864933834
11,main,ja-jp-assistant-8,N,kansai,13,窓,5,類,ok,odaka,low,keihan,0.48485928198627404,0.8948027986351936,0.6585519750080154
11,main,ja-jp-assistant-8,N,kansai,14,声,5,類,ok,atamadaka,high,tokyo,-0.2477022489144311,0.2233622443736363,0.5874889474483104
11,main,ja-jp-assistant-8,N,kansai,15,海,4,類,ok,atamadaka,high,tokyo,-0.6767556118862512,-0.10619896864960973,0.8766538934661872
11,main,ja-jp-assistant-8,N,kansai,16,鍋,5,類,ok,atamadaka,high,tokyo,-0.33838012587916155,0.07745108934191139,0.7506691400764653
11,main,ja-jp-assistant-8,N,kansai,17,糸,4,類,ok,atamadaka,high,tokyo,-0.5635217655295545,0.010008166120185702,0.8768857647533614
11,main,ja-jp-assistant-8,N,kansai,18,顔,1,類,ok,heiban,low,tokyo,0.8887096026602703,0.6785985676694203,-0.293361260802419
11,main,ja-jp-assistant-8,N,kansai,19,耳,3,確認,ok,atamadaka,high,keihan,-0.45165076021025236,0.06720757733803141,0.879292362194012
11,main,ja-jp-assistant-8,N,kansai,20,雨,5,確認,ok,atamadaka,high,tokyo,-0.47647763865985154,0.09789190009021433,0.9098185557052557
11,main,ja-jp-assistant-8,N,kansai,21,肩,4,類,ok,atamadaka,high,tokyo,-0.19471029725537667,0.2737144284917245,0.8140944820504832
11,main,ja-jp-assistant-8,N,kansai,22,稲,4,類,ok,atamadaka,high,tokyo,-0.23614532196809973,0.13823288252373825,0.6681900470018832
11,main,ja-jp-assistant-8,N,kansai,23,麦,4,類,ok,atamadaka,high,tokyo,-0.40533925908571855,0.18590846169872402,0.9606926721032543
11,main,ja-jp-assistant-8,N,kansai,24,紙,2,確認,ok,atamadaka,high,keihan,-0.8258500050938811,-0.3193819026668187,0.6994285074584397
12,main,ja-jp-podcaster-3,N,kansai,1,窓,5,類,ok,odaka,low,keihan,0.4964511504561459,0.9244508607993874,0.6095138600022093
12,main,ja-jp-podcaster-3,N,kansai,2,稲,4,類,ok,odaka,low,keihan,0.4866432048952029,0.9155731788879913,0.5826870051855514
12,main,ja-jp-podcaster-3,N,kansai,3,雨,5,確認,ok,odaka,low,keihan,0.4035182461255957,0.8610053926451319,0.7232467618922538
12,main,ja-jp-podcaster-3,N,kansai,4,前,5,確認,ok,odaka,low,keihan,0.6352335068340043,0.9476038662908229,0.48505410428530144
12,main,ja-jp-podcaster-3,N,kansai,5,鼻,1,類,ok,atamadaka,high,not_tokyo,-0.005940409816989516,0.6284264402487886,0.8679278043042039
12,main,ja-jp-podcaster-3,N,kansai,6,肩,4,類,ok,atamadaka,high,tokyo,0.015127780846673468,0.33823870279168966,0.33829835088357635
12,main,ja-jp-podcaster-3,N,kansai,7,夢,2,確認,ok,atamadaka,high,keihan,-0.10714690916414936,0.30274847951698824,0.5883151882496067
12,main,ja-jp-podcaster-3,N,kansai,8,鳥,1,類,ok,atamadaka,high,not_tokyo,-0.15741461388462086,0.47260873425268746,0.8264010242370321
12,main,ja-jp-podcaster-3,N,kansai,9,庭,1,類,ok,odaka,low,tokyo,0.5381009608937954,0.7318746985751919,0.05216863091239031
12,main,ja-jp-podcaster-3,N,kansai,10,顔,1,類,ok,odaka,low,tokyo,0.23649015863364295,0.7203357953580696,0.5684561764115769
12,main,ja-jp-podcaster-3,N,kansai,11,海,4,類,ok,atamadaka,high,tokyo,0.14619546643803977,0.5468720664509125,0.7248202931514153
12,main,ja-jp-podcaster-3,N,kansai,12,耳,3,確認,ok,atamadaka,high,keihan,-0.5529591957040482,0.04718669209390884,0.9500062903315439
12,main,ja-jp-podcaster-3,N,kansai,13,糸,4,類,ok,heiban,low,keihan,-0.10961952031569244,-0.13571984036214907,-0.33171858503222773
12,main,ja-jp-podcaster-3,N,kansai,14,針,4,類,ok,atamadaka,high,tokyo,-0.29357320500715495,0.31425445781854544,0.9686878386906097
12,main,ja-jp-podcaster-3,N,kansai,15,山,3,確認,ok,atamadaka,high,keihan,-0.1540475138882279,0.17672057048396797,0.396359677353863
12,main,ja-jp-podcaster-3,N,kansai,16,麦,4,類,ok,atamadaka,high,tokyo,-0.2649477918088583,0.3057181317351883,0.9692858471427324
12,main,ja-jp-podcaster-3,N,kansai,17,紙,2,確認,ok,atamadaka,high,keihan,-0.5862111378413336,-0.0035777779000559593,0.9226352311198119
12,main,ja-jp-podcaster-3,N,kansai,18,川,2,確認,ok,atamadaka,high,keihan,-0.27693226140735344,0.12320359251016652,0.5121798788613361
12,main,ja-jp-podcaster-3,N,kansai,19,飴,1,類,ok,odaka,low,tokyo,0.3702957672389912,0.8558742529867155,0.7272490993035572
12,main,ja-jp-podcaster-3,N,kansai,20,鍋,5,類,ok,atamadaka,high,tokyo,0.18941601520588097,0.7028838012859218,0.8007685622508637
12,main,ja-jp-podcaster-3,N,kansai,21,水,1,類,ok,odaka,low,tokyo,0.47748153334297644,0.8773193642040684,0.5754669152725098
12,main,ja-jp-podcaster-3,N,kansai,22,春,5,確認,ok,atamadaka,high,tokyo,0.030356580021604226,0.6266529356359516,0.8588594832261066
12,main,ja-jp-podcaster-3,N,kansai,23,花,3,確認,ok,atamadaka,high,keihan,0.07739937028881444,0.6869516710405785,0.8652324704393523
12,main,ja-jp-podcaster-3,N,kansai,24,声,5,類,ok,atamadaka,high,tokyo,-0.3363775544254439,-0.07748629366345135,0.06729747762990874
13,main,ja-jp-advisor-6,N,kansai,1,麦,4,類,ok,heiban,low,keihan,0.9692021568391762,0.7616441651608853,-0.24990105277513303
13,main,ja-jp-advisor-6,N,kansai,2,糸,4,類,ok,heiban,low,keihan,0.9884358212557894,0.7699395622642805,-0.3159063418208571
13,main,ja-jp-advisor-6,N,kansai,3,川,2,確認,ok,odaka,low,tokyo,0.44600576471960335,0.9065505528673711,0.676278271837017
13,main,ja-jp-advisor-6,N,kansai,4,稲,4,類,ok,odaka,low,keihan,0.18728236315679977,0.5074064203008051,0.4481356854496081
13,main,ja-jp-advisor-6,N,kansai,5,鼻,1,類,ok,odaka,low,tokyo,0.5034343344909563,0.9368568347343114,0.5839165038909012
13,main,ja-jp-advisor-6,N,kansai,6,声,5,類,ok,atamadaka,high,tokyo,-0.1311482048567171,0.13428164656135105,0.18278697150892725
13,main,ja-jp-advisor-6,N,kansai,7,前,5,確認,ok,heiban,low,keihan,0.40821470280387995,0.3474460482123264,0.10671602676048213
13,main,ja-jp-advisor-6,N,kansai,8,紙,2,確認,ok,atamadaka,high,keihan,-0.007468189268069348,0.3477038126573395,0.5730870970062591
13,main,ja-jp-advisor-6,N,kansai,9,雨,5,確認,ok,atamadaka,high,tokyo,-0.476195773751794,-0.23471522156087468,0.049202176736058326
13,main,ja-jp-advisor-6,N,kansai,10,庭,1,類,ok,atamadaka,high,not_tokyo,-0.5080028155931482,-0.12985948284132967,0.5110847494338343
13,main,ja-jp-advisor-6,N,kansai,11,窓,5,類,ok,atamadaka,high,tokyo,-0.2957444610563907,0.1314168104495599,0.5672736142391722
13,main,ja-jp-advisor-6,N,kansai,12,夢,2,確認,ok,atamadaka,high,keihan,-0.08458184631452205,0.355220456589297,0.6498343753301592
13,main,ja-jp-advisor-6,N,kansai,13,春,5,確認,ok,atamadaka,high,tokyo,-0.28036601361279134,0.06730482471993243,0.35537818963833717
13,main,ja-jp-advisor-6,N,kansai,14,飴,1,類,ok,odaka,low,tokyo,0.3195912035761939,0.6655493717132968,0.5984375999690931
13,main,ja-jp-advisor-6,N,kansai,15,顔,1,類,ok,odaka,low,tokyo,0.17007944130416483,0.6593675957134606,0.5969594051581852
13,main,ja-jp-advisor-6,N,kansai,16,耳,3,確認,ok,atamadaka,high,keihan,-0.3928164059914632,0.10240595359086326,0.6937578396054531
13,main,ja-jp-advisor-6,N,kansai,17,花,3,確認,ok,odaka,low,tokyo,0.5622247452404132,0.7167784458240065,0.27511584379492293
13,main,ja-jp-advisor-6,N,kansai,18,鳥,1,類,ok,atamadaka,high,not_tokyo,-0.09813943555184883,0.22741541508029087,0.46723571499990557
13,main,ja-jp-advisor-6,N,kansai,19,山,3,確認,ok,atamadaka,high,keihan,-0.042418659431608725,0.3817402213350621,0.6096396372009438
13,main,ja-jp-advisor-6,N,kansai,20,海,4,類,ok,atamadaka,high,tokyo,-0.03446565683892272,0.39838142755165007,0.7127406494691799
13,main,ja-jp-advisor-6,N,kansai,21,肩,4,類,ok,odaka,low,keihan,0.3771714259184495,0.6207767742537222,0.28713083627486996
13,main,ja-jp-advisor-6,N,kansai,22,水,1,類,ok,odaka,low,tokyo,0.585486448411646,0.8009487596946715,0.39769322896310316
13,main,ja-jp-advisor-6,N,kansai,23,針,4,類,ok,atamadaka,high,tokyo,-0.39452078892355574,-0.10816183178458841,0.24742970887789356
13,main,ja-jp-advisor-6,N,kansai,24,鍋,5,類,ok,odaka,low,keihan,0.28352589560034086,0.3765643918302556,-0.05365203980390645
14,main,ja-jp-storyteller-9,N,kansai,1,麦,4,類,ok,atamadaka,high,tokyo,-0.11575330738203872,0.42705408815061446,0.688869199984525
14,main,ja-jp-storyteller-9,N,kansai,2,川,2,確認,ok,atamadaka,high,keihan,-0.2651640082693182,0.1742139342577644,0.6358019701401091
14,main,ja-jp-storyteller-9,N,kansai,3,飴,1,類,ok,odaka,low,tokyo,0.7056462170538256,0.8434192943993531,0.26220449571098803
14,main,ja-jp-storyteller-9,N,kansai,4,鍋,5,類,ok,odaka,low,keihan,0.3839064092672992,0.5047099133107783,-0.0013665389708232877
14,main,ja-jp-storyteller-9,N,kansai,5,針,4,類,ok,atamadaka,high,tokyo,-0.1526916202909393,0.3283544834976643,0.8338874943066522
14,main,ja-jp-storyteller-9,N,kansai,6,庭,1,類,ok,odaka,low,tokyo,0.6230967806329898,0.8415123999976375,0.36009395458105076
14,main,ja-jp-storyteller-9,N,kansai,7,水,1,類,ok,odaka,low,tokyo,0.8259619933333139,0.8846009446654317,0.16487954375071995
14,main,ja-jp-storyteller-9,N,kansai,8,顔,1,類,ok,odaka,low,tokyo,0.5407381386627963,0.8736553855347574,0.4748600044842066
14,main,ja-jp-storyteller-9,N,kansai,9,稲,4,類,ok,odaka,low,keihan,0.03492031119509408,0.273236172105292,0.15083431875735648
14,main,ja-jp-storyteller-9,N,kansai,10,糸,4,類,ok,odaka,low,keihan,-0.021808636959687096,0.2540290793318076,0.15913588224467048
14,main,ja-jp-storyteller-9,N,kansai,11,雨,5,確認,ok,atamadaka,high,tokyo,-0.3464936707594086,0.06683165905234448,0.5169936063084429
14,main,ja-jp-storyteller-9,N,kansai,12,夢,2,確認,ok,atamadaka,high,keihan,-0.12901262099559757,0.28692399743931296,0.5879007337599462
14,main,ja-jp-storyteller-9,N,kansai,13,花,3,確認,ok,odaka,low,tokyo,0.5398148809418979,0.651405651156461,0.016107047573810797
14,main,ja-jp-storyteller-9,N,kansai,14,耳,3,確認,ok,atamadaka,high,keihan,-0.2775368905056226,0.10482896642777646,0.524631840385696
14,main,ja-jp-storyteller-9,N,kansai,15,紙,2,確認,ok,atamadaka,high,keihan,-0.4565377219982529,-0.05222264115952904,0.4769884369543112
14,main,ja-jp-storyteller-9,N,kansai,16,声,5,類,ok,atamadaka,high,tokyo,-0.3457432397149069,0.14340647819368135,0.5808277700468588
14,main,ja-jp-storyteller-9,N,kansai,17,春,5,確認,ok,odaka,low,keihan,0.1777522607105895,0.3773734854164093,0.048272235064582406
14,main,ja-jp-storyteller-9,N,kansai,18,山,3,確認,ok,atamadaka,high,keihan,-0.033051100494370295,0.4112714619648386,0.6177376529468487
14,main,ja-jp-storyteller-9,N,kansai,19,鳥,1,類,ok,atamadaka,high,not_tokyo,-0.38853317900977224,0.02401584697969948,0.5257960303903209
14,main,ja-jp-storyteller-9,N,kansai,20,鼻,1,類,ok,odaka,low,tokyo,0.27840922360399645,0.37266450251157596,-0.09119284921513293
14,main,ja-jp-storyteller-9,N,kansai,21,前,5,確認,ok,atamadaka,high,tokyo,-0.08804684542674035,-0.10998851399962055,0.09565753581131697
14,main,ja-jp-storyteller-9,N,kansai,22,海,4,類,ok,atamadaka,high,tokyo,0.05090905530665893,0.42384288140391363,0.6524324845852533
14,main,ja-jp-storyteller-9,N,kansai,23,窓,5,類,ok,odaka,low,keihan,0.33576657952434996,0.46555254416660863,0.034471241454348454
14,main,ja-jp-storyteller-9,N,kansai,24,肩,4,類,ok,atamadaka,high,tokyo,-0.12260503469697008,0.3836630585347727,0.8660787189229793
15,main,ja-jp-storyteller-2,N,kansai,1,紙,2,確認,ok,atamadaka,high,keihan,-0.12398072101605917,0.16363756961615264,0.4795937312061609
15,main,ja-jp-storyteller-2,N,kansai,2,庭,1,類,ok,heiban,low,tokyo,0.9129762666221031,0.6759599781886217,-0.23840102257830015
15,main,ja-jp-storyteller-2,N,kansai,3,糸,4,類,ok,odaka,low,keihan,0.34295898306949485,0.7039053566920536,0.6186018084791786
15,main,ja-jp-storyteller-2,N,kansai,4,耳,3,確認,ok,atamadaka,high,keihan,0.06276387412208892,0.6153883223442692,0.9132603652168494
15,main,ja-jp-storyteller-2,N,kansai,5,水,1,類,ok,heiban,low,tokyo,0.9659740797092263,0.6579703487015346,-0.38136865110028
15,main,ja-jp-storyteller-2,N,kansai,6,雨,5,確認,ok,atamadaka,high,tokyo,0.0752142462738849,0.43350682552955694,0.6038947645392274
15,main,ja-jp-storyteller-2,N,kansai,7,川,2,確認,ok,atamadaka,high,keihan,-0.02828338290100601,0.5735777518764452,0.9414452559424173
15,main,ja-jp-storyteller-2,N,kansai,8,声,5,類,ok,atamadaka,high,tokyo,0.17661311792328913,0.5478369665508244,0.6501493938226646
15,main,ja-jp-storyteller-2,N,kansai,9,前,5,確認,ok,atamadaka,high,tokyo,-0.10219748907469564,0.42090374215224025,0.7432388298215811
15,main,ja-jp-storyteller-2,N,kansai,10,鍋,5,類,ok,atamadaka,high,tokyo,-0.1070906542200223,0.28205781214758474,0.529834659519706
15,main,ja-jp-storyteller-2,N,kansai,11,夢,2,確認,ok,atamadaka,high,keihan,-0.444661030510736,-0.24342066021192213,0.23068946044511635
15,main,ja-jp-storyteller-2,N,kansai,12,鼻,1,類,ok,atamadaka,high,not_tokyo,-0.6143798666591747,-0.36417429347322633,0.2730972031025847
15,main,ja-jp-storyteller-2,N,kansai,13,飴,1,類,ok,heiban,low,tokyo,0.9764831374941922,0.6828795612603452,-0.37791218747870287
15,main,ja-jp-storyteller-2,N,kansai,14,春,5,確認,ok,atamadaka,high,tokyo,-0.31850734938494524,0.030940307466727077,0.43630846806780405
15,main,ja-jp-storyteller-2,N,kansai,15,山,3,確認,ok,atamadaka,high,keihan,-0.25922451710523453,-0.10901617480035003,0.16014517048633667
15,main,ja-jp-storyteller-2,N,kansai,16,鳥,1,類,ok,heiban,low,tokyo,0.9689794335350309,0.6938045439556096,-0.34122754132096533
15,main,ja-jp-storyteller-2,N,kansai,17,窓,5,類,ok,atamadaka,high,tokyo,-0.42778444735008553,-0.07418703729863346,0.4231535038846608
15,main,ja-jp-storyteller-2,N,kansai,18,花,3,確認,ok,atamadaka,high,keihan,-0.5156880075697607,-0.3456636648723951,0.097874499805749
15,main,ja-jp-storyteller-2,N,kansai,19,海,4,類,ok,atamadaka,high,tokyo,0.02510681932659432,0.45785710979201455,0.6092932354574231
15,main,ja-jp-storyteller-2,N,kansai,20,顔,1,類,ok,heiban,low,tokyo,0.9524578665493946,0.7625866122657041,-0.2308989574810644
15,main,ja-jp-storyteller-2,N,kansai,21,稲,4,類,ok,odaka,low,keihan,0.17715538873879444,0.451098391437324,0.4259523761966601
15,main,ja-jp-storyteller-2,N,kansai,22,針,4,類,ok,odaka,low,keihan,0.5213252883341445,0.6518435937250249,0.2089390027811344
15,main,ja-jp-storyteller-2,N,kansai,23,麦,4,類,ok,atamadaka,high,tokyo,-0.2309784106741369,0.13644313850268458,0.7074867982386237
15,main,ja-jp-storyteller-2,N,kansai,24,肩,4,類,ok,odaka,low,keihan,0.6920594965035376,0.8027316663716012,0.2726014348755565
16,main,ja-jp-concierge-3,T,kansai,1,稲,4,類,ok,atamadaka,high,tokyo,-0.6902470116272648,-0.3863873058382483,0.4708212087301039
16,main,ja-jp-concierge-3,T,kansai,2,飴,1,類,ok,heiban,low,tokyo,0.9765064525195787,0.6171544441382945,-0.5102789216062147
16,main,ja-jp-concierge-3,T,kansai,3,鼻,1,類,ok,heiban,low,tokyo,0.9398071824422245,0.5678560238293968,-0.5595860369376273
16,main,ja-jp-concierge-3,T,kansai,4,耳,3,確認,ok,atamadaka,high,keihan,0.2556900723503758,0.724023760372316,0.8048186648489516
16,main,ja-jp-concierge-3,T,kansai,5,糸,4,類,ok,atamadaka,high,tokyo,-0.4166770546680074,-0.024842812780846244,0.6442384559568448
16,main,ja-jp-concierge-3,T,kansai,6,花,3,確認,ok,atamadaka,high,keihan,0.15767006182138524,0.6754762471376415,0.8546971416669215
16,main,ja-jp-concierge-3,T,kansai,7,声,5,類,ok,atamadaka,high,tokyo,-0.08060961368820768,0.2486360294187682,0.4473490076370758
16,main,ja-jp-concierge-3,T,kansai,8,夢,2,確認,ok,odaka,low,tokyo,0.48930924529228736,0.8821083577156273,0.6579320233487328
16,main,ja-jp-concierge-3,T,kansai,9,鳥,1,類,ok,heiban,low,tokyo,0.9730656380528614,0.6394585008798099,-0.4956391641692309
16,main,ja-jp-concierge-3,T,kansai,10,紙,2,確認,ok,odaka,low,tokyo,0.13217110680834226,0.4913446224134189,0.45524743977588844
16,main,ja-jp-concierge-3,T,kansai,11,庭,1,類,ok,odaka,low,tokyo,0.41832039921045566,0.8212095554087236,0.6936074348056509
16,main,ja-jp-concierge-3,T,kansai,12,川,2,確認,ok,odaka,low,tokyo,0.627424900256847,0.9396346980080057,0.5139081635806706
16,main,ja-jp-concierge-3,T,kansai,13,水,1,類,ok,heiban,low,tokyo,0.9123807041010512,0.46511638562221413,-0.6372753903633616
16,main,ja-jp-concierge-3,T,kansai,14,山,3,確認,ok,odaka,low,tokyo,0.6208796818114093,0.9209078415422999,0.528186342742826
16,main,ja-jp-concierge-3,T,kansai,15,春,5,確認,ok,atamadaka,high,tokyo,-0.6243086803872261,-0.3142392680918272,0.4807971443665129
16,main,ja-jp-concierge-3,T,kansai,16,鍋,5,類,ok,atamadaka,high,tokyo,-0.2864185906597445,0.1373491162307664,0.6938421600797009
16,main,ja-jp-concierge-3,T,kansai,17,針,4,類,ok,atamadaka,high,tokyo,-0.4067129585185794,-0.00828029294621171,0.709487180717293
16,main,ja-jp-concierge-3,T,kansai,18,窓,5,類,ok,atamadaka,high,tokyo,-0.3991358663696781,-0.024657134329634185,0.6704201908954538
16,main,ja-jp-concierge-3,T,kansai,19,前,5,確認,ok,atamadaka,high,tokyo,-0.1826953084082019,0.37772718942351047,0.9602011131757447
16,main,ja-jp-concierge-3,T,kansai,20,麦,4,類,ok,atamadaka,high,tokyo,-0.30385970835277964,0.27341681515423893,0.9752430061768241
16,main,ja-jp-concierge-3,T,kansai,21,顔,1,類,ok,heiban,low,tokyo,0.9538205916507395,0.592246093605374,-0.5058017764516988
16,main,ja-jp-concierge-3,T,kansai,22,海,4,類,ok,atamadaka,high,tokyo,-0.4342449975255677,0.14389907165367044,0.9561499749331406
16,main,ja-jp-concierge-3,T,kansai,23,雨,5,確認,ok,atamadaka,high,tokyo,-0.477841314908907,0.08809177626934202,0.9318900886966867
16,main,ja-jp-concierge-3,T,kansai,24,肩,4,類,ok,atamadaka,high,tokyo,-0.45815604124974885,-0.039371571400312805,0.6861235025085761
17,main,ja-jp-assistant-8,T,kansai,1,夢,2,確認,ok,odaka,low,tokyo,0.7742766553124244,0.9517282635183235,0.3268313554254443
17,main,ja-jp-assistant-8,T,kansai,2,庭,1,類,ok,heiban,low,tokyo,0.9708043601300445,0.6493753892422293,-0.42011936191265337
17,main,ja-jp-assistant-8,T,kansai,3,山,3,確認,ok,heiban,low,tokyo,0.9834895046602384,0.8515182571151452,-0.1984968685532005
17,main,ja-jp-assistant-8,T,kansai,4,糸,4,類,ok,atamadaka,high,tokyo,-0.37357362878707834,0.16008804364959298,0.8014406063302674
17,main,ja-jp-assistant-8,T,kansai,5,耳,3,確認,ok,odaka,low,tokyo,0.8092812382509992,0.9610926419441393,0.2756461919546499
17,main,ja-jp-assistant-8,T,kansai,6,鳥,1,類,ok,heiban,low,tokyo,0.9216046872158229,0.5003528299152341,-0.5968942262948883
17,main,ja-jp-assistant-8,T,kansai,7,麦,4,類,ok,atamadaka,high,tokyo,-0.46522801299023214,0.1103687841781537,0.9428721012208258
17,main,ja-jp-assistant-8,T,kansai,8,肩,4,類,ok,atamadaka,high,tokyo,-0.34138421144463116,0.23579160939536284,0.9438303315405214
17,main,ja-jp-assistant-8,T,kansai,9,窓,5,類,ok,atamadaka,high,tokyo,-0.46505705572553546,0.11517899680940562,0.9480375083584418
17,main,ja-jp-assistant-8,T,kansai,10,紙,2,確認,ok,odaka,low,tokyo,0.4536612574591635,0.8167425714071691,0.5397753642626859
17,main,ja-jp-assistant-8,T,kansai,11,海,4,類,ok,atamadaka,high,tokyo,-0.646011559748258,-0.08750582454433628,0.8723320400890536
17,main,ja-jp-assistant-8,T,kansai,12,飴,1,類,ok,heiban,low,tokyo,0.9868865307669814,0.6669477831107464,-0.43544047583192114
17,main,ja-jp-assistant-8,T,kansai,13,水,1,類,ok,heiban,low,tokyo,0.9429664196355413,0.6563355322652168,-0.4215753651999487
17,main,ja-jp-assistant-8,T,kansai,14,花,3,確認,ok,odaka,low,tokyo,0.7279071234504391,0.9342528076087698,0.3786233646508251
17,main,ja-jp-assistant-8,T,kansai,15,前,5,確認,ok,atamadaka,high,tokyo,-0.6473498279277279,-0.1918675456507323,0.8042039161764702
17,main,ja-jp-assistant-8,T,kansai,16,鍋,5,類,ok,atamadaka,high,tokyo,-0.11026995875106331,0.3972969421441322,0.9041504810661345
17,main,ja-jp-assistant-8,T,kansai,17,川,2,確認,ok,odaka,low,tokyo,0.22808621026029757,0.5066252910822353,0.20520117024331286
17,main,ja-jp-assistant-8,T,kansai,18,春,5,確認,ok,atamadaka,high,tokyo,-0.4232519429789912,0.14853165957954384,0.9337182624947222
17,main,ja-jp-assistant-8,T,kansai,19,針,4,類,ok,atamadaka,high,tokyo,-0.3633086258154725,0.2562056486270599,0.9778124819599379
17,main,ja-jp-assistant-8,T,kansai,20,稲,4,類,ok,atamadaka,high,tokyo,-0.5025438528575266,0.05808930564828195,0.9249575830998049
17,main,ja-jp-assistant-8,T,kansai,21,声,5,類,ok,atamadaka,high,tokyo,-0.819992999204635,-0.2918336635220595,0.7940458992681463
17,main,ja-jp-assistant-8,T,kansai,22,顔,1,類,ok,heiban,low,tokyo,0.8823887080110403,0.5149948212534032,-0.5925450003081537
17,main,ja-jp-assistant-8,T,kansai,23,鼻,1,類,ok,heiban,low,tokyo,0.8530666621839664,0.4754816554565656,-0.6505612550319332
17,main,ja-jp-assistant-8,T,kansai,24,雨,5,確認,ok,atamadaka,high,tokyo,-0.18746499836188882,0.36913116642645477,0.9227709747190864
18,main,ja-jp-podcaster-3,T,kansai,1,山,3,確認,ok,odaka,low,tokyo,0.6784063546284055,0.9369014110842911,0.46547966423540893
18,main,ja-jp-podcaster-3,T,kansai,2,夢,2,確認,ok,odaka,low,tokyo,0.7672436797209895,0.9173149738185351,0.1546739846714984
18,main,ja-jp-podcaster-3,T,kansai,3,庭,1,類,ok,heiban,low,tokyo,0.9597580103859924,0.6577833381428075,-0.3616713945351502
18,main,ja-jp-podcaster-3,T,kansai,4,水,1,類,ok,heiban,low,tokyo,0.7307498365197574,0.27762350831108057,-0.758567784378952
18,main,ja-jp-podcaster-3,T,kansai,5,稲,4,類,ok,atamadaka,high,tokyo,-0.5324071177693408,0.08905638935956141,0.9610532564432099
18,main,ja-jp-podcaster-3,T,kansai,6,紙,2,確認,ok,heiban,low,tokyo,0.9619531627827289,0.8438642241682841,-0.21014024372335377
18,main,ja-jp-podcaster-3,T,kansai,7,飴,1,類,ok,heiban,low,tokyo,0.9741422004128298,0.6155578837306996,-0.4809771765259976
18,main,ja-jp-podcaster-3,T,kansai,8,前,5,確認,ok,atamadaka,high,tokyo,-0.5210540276479776,-0.0667695751371557,0.8095238601794328
18,main,ja-jp-podcaster-3,T,kansai,9,花,3,確認,ok,odaka,low,tokyo,0.6559717783367899,0.8891129589660471,0.2858158410913712
18,main,ja-jp-podcaster-3,T,kansai,10,麦,4,類,ok,atamadaka,high,tokyo,-0.1818151178197582,0.35462542505595035,0.9373305029641605
18,main,ja-jp-podcaster-3,T,kansai,11,顔,1,類,ok,heiban,low,tokyo,0.8762207942317987,0.6014408590725204,-0.317209878649058
18,main,ja-jp-podcaster-3,T,kansai,12,鍋,5,類,ok,atamadaka,high,tokyo,-0.3712425418226354,0.08793374551525705,0.8380095138356202
18,main,ja-jp-podcaster-3,T,kansai,13,雨,5,確認,ok,atamadaka,high,tokyo,0.13931179255829915,0.5268867753827722,0.7642168756549639
18,main,ja-jp-podcaster-3,T,kansai,14,春,5,確認,ok,atamadaka,high,tokyo,-0.42722964555199494,0.16386663323029044,0.9021252721959954
18,main,ja-jp-podcaster-3,T,kansai,15,針,4,類,ok,atamadaka,high,tokyo,-0.1324517046218622,0.404137222699807,0.9136610845301149
18,main,ja-jp-podcaster-3,T,kansai,16,声,5,類,ok,atamadaka,high,tokyo,-0.6144335586447508,-0.08842383760702492,0.8667781592024475
18,main,ja-jp-podcaster-3,T,kansai,17,糸,4,類,ok,atamadaka,high,tokyo,-0.3468655772820455,-0.029717774449668517,0.42425552454477194
18,main,ja-jp-podcaster-3,T,kansai,18,窓,5,類,ok,atamadaka,high,tokyo,-0.1377445918654239,0.3908696093045267,0.9191227466025617
18,main,ja-jp-podcaster-3,T,kansai,19,川,2,確認,ok,odaka,low,tokyo,0.481998223103921,0.8642377934873403,0.6378906383358465
18,main,ja-jp-podcaster-3,T,kansai,20,海,4,類,ok,atamadaka,high,tokyo,-0.2776431133360198,-0.037881705641156414,0.23048700406111575
18,main,ja-jp-podcaster-3,T,kansai,21,鼻,1,類,ok,odaka,low,tokyo,0.626550593641663,0.9126210300641303,0.5060726718970833
18,main,ja-jp-podcaster-3,T,kansai,22,肩,4,類,ok,atamadaka,high,tokyo,-0.16040345369857492,0.23261467224705454,0.6867711450639129
18,main,ja-jp-podcaster-3,T,kansai,23,鳥,1,類,ok,heiban,low,tokyo,0.9002656748574379,0.5637603052218535,-0.5670640560035495
18,main,ja-jp-podcaster-3,T,kansai,24,耳,3,確認,ok,odaka,low,tokyo,0.8973654003581474,0.9423878681336589,0.11013105913183709
19,main,ja-jp-advisor-6,T,kansai,1,庭,1,類,ok,heiban,low,tokyo,0.9526387898063214,0.6835372052498786,-0.2976580633713059
19,main,ja-jp-advisor-6,T,kansai,2,稲,4,類,ok,atamadaka,high,tokyo,-0.4936272773770824,-0.07561697816147812,0.6380607615827059
19,main,ja-jp-advisor-6,T,kansai,3,耳,3,確認,ok,odaka,low,tokyo,0.4094996163875985,0.8544556713030255,0.681145040090061
19,main,ja-jp-advisor-6,T,kansai,4,窓,5,類,ok,atamadaka,high,tokyo,-0.06430697857952712,0.4929220135898915,0.94165897515063
19,main,ja-jp-advisor-6,T,kansai,5,鼻,1,類,ok,heiban,low,tokyo,0.9784272512903458,0.6343973967331962,-0.49489444454417336
19,main,ja-jp-advisor-6,T,kansai,6,針,4,類,ok,atamadaka,high,tokyo,-0.1815471204459351,0.12073547583916391,0.2823432744781918
19,main,ja-jp-advisor-6,T,kansai,7,鳥,1,類,ok,heiban,low,tokyo,0.9909892797393014,0.7545263812759739,-0.31525324691803674
19,main,ja-jp-advisor-6,T,kansai,8,雨,5,確認,ok,atamadaka,high,tokyo,-0.5912692306413354,-0.21060241575603658,0.5696467675162166
19,main,ja-jp-advisor-6,T,kansai,9,山,3,確認,ok,odaka,low,tokyo,0.7749324894344871,0.9896108605087424,0.33069816664122575
19,main,ja-jp-advisor-6,T,kansai,10,紙,2,確認,ok,odaka,low,tokyo,0.5195513865804483,0.8795152198786784,0.5784006374529014
19,main,ja-jp-advisor-6,T,kansai,11,鍋,5,類,ok,atamadaka,high,tokyo,-0.2736037986162597,0.2886228919598044,0.9403691128370475
19,main,ja-jp-advisor-6,T,kansai,12,花,3,確認,ok,odaka,low,tokyo,0.6618785297366258,0.953203548229794,0.4733302074397327
19,main,ja-jp-advisor-6,T,kansai,13,糸,4,類,ok,atamadaka,high,tokyo,-0.48933483915195264,-0.11918116662496407,0.5194634186273597
19,main,ja-jp-advisor-6,T,kansai,14,水,1,類,ok,heiban,low,tokyo,0.9753855060673383,0.7143319648463329,-0.4103639020596412
19,main,ja-jp-advisor-6,T,kansai,15,麦,4,類,ok,atamadaka,high,tokyo,-0.1400119990798403,0.3688007429629954,0.6852190139688065
19,main,ja-jp-advisor-6,T,kansai,16,海,4,類,ok,atamadaka,high,tokyo,-0.5378037138218476,-0.2044185333697993,0.47169683409048313
19,main,ja-jp-advisor-6,T,kansai,17,声,5,類,ok,odaka,low,keihan,0.4825937466869991,0.6805525535309394,0.4481108326495588
19,main,ja-jp-advisor-6,T,kansai,18,飴,1,類,ok,heiban,low,tokyo,0.9761579417177688,0.6333918386725622,-0.4906601268181396
19,main,ja-jp-advisor-6,T,kansai,19,夢,2,確認,ok,odaka,low,tokyo,0.6956773478636705,0.9615648060252991,0.442624966076681
19,main,ja-jp-advisor-6,T,kansai,20,前,5,確認,ok,atamadaka,high,tokyo,-0.2662150620567972,0.2932770952913472,0.9566029961574405
19,main,ja-jp-advisor-6,T,kansai,21,春,5,確認,ok,odaka,low,keihan,0.4040472737494112,0.5493801062856413,0.1600431367459094
19,main,ja-jp-advisor-6,T,kansai,22,川,2,確認,ok,odaka,low,tokyo,0.7752010573303026,0.9879508859967523,0.3070757419404423
19,main,ja-jp-advisor-6,T,kansai,23,顔,1,類,ok,heiban,low,tokyo,0.9822526521213438,0.7005595135811244,-0.38165413874873005
19,main,ja-jp-advisor-6,T,kansai,24,肩,4,類,ok,odaka,low,keihan,0.6316274331337796,0.6629100475020493,0.06365596118309254
20,main,ja-jp-storyteller-9,T,kansai,1,雨,5,確認,ok,atamadaka,high,tokyo,-0.03859696703180932,0.42589147447822345,0.8503480146673091
20,main,ja-jp-storyteller-9,T,kansai,2,山,3,確認,ok,odaka,low,tokyo,0.8733731615623027,0.9671192554237554,0.17301955591264587
20,main,ja-jp-storyteller-9,T,kansai,3,庭,1,類,ok,heiban,low,tokyo,0.9319124472354419,0.535557358287409,-0.5323870050801155
20,main,ja-jp-storyteller-9,T,kansai,4,耳,3,確認,ok,odaka,low,tokyo,0.882220551032689,0.9477225709694646,0.08472656488746996
20,main,ja-jp-storyteller-9,T,kansai,5,川,2,確認,ok,odaka,low,tokyo,0.7361609111249393,0.978730479565497,0.3691626034440595
20,main,ja-jp-storyteller-9,T,kansai,6,稲,4,類,ok,atamadaka,high,tokyo,-0.25704353488008685,0.3319876141760493,0.9761086454375184
20,main,ja-jp-storyteller-9,T,kansai,7,夢,2,確認,ok,odaka,low,tokyo,0.8370102456363185,0.955112342786681,0.23156158354848916
20,main,ja-jp-storyteller-9,T,kansai,8,肩,4,類,ok,atamadaka,high,tokyo,-0.088015606192747,0.479353893452884,0.9487770331653288
20,main,ja-jp-storyteller-9,T,kansai,9,糸,4,類,ok,atamadaka,high,tokyo,0.026636853139330546,0.389073107478892,0.5881494886127514
20,main,ja-jp-storyteller-9,T,kansai,10,針,4,類,ok,atamadaka,high,tokyo,0.01691741513736656,0.5764604368637871,0.9094515608602086
20,main,ja-jp-storyteller-9,T,kansai,11,紙,2,確認,ok,odaka,low,tokyo,0.8617218737494184,0.9575622972854936,0.12489542374434404
20,main,ja-jp-storyteller-9,T,kansai,12,鳥,1,類,ok,heiban,low,tokyo,0.9409203279541808,0.5300222964424799,-0.6181415788499184
20,main,ja-jp-storyteller-9,T,kansai,13,春,5,確認,ok,atamadaka,high,tokyo,-0.09704069996553717,0.47168239691664954,0.9434752738305292
20,main,ja-jp-storyteller-9,T,kansai,14,窓,5,類,ok,atamadaka,high,tokyo,0.16303040342506517,0.40271691713975744,0.5614940636321308
20,main,ja-jp-storyteller-9,T,kansai,15,鼻,1,類,ok,odaka,low,tokyo,0.704907471144388,0.9439130737406226,0.4018527558411056
20,main,ja-jp-storyteller-9,T,kansai,16,麦,4,類,ok,atamadaka,high,tokyo,0.25518259793416886,0.6394327587297266,0.7563408780451529
20,main,ja-jp-storyteller-9,T,kansai,17,水,1,類,ok,heiban,low,tokyo,0.9408479975531895,0.5335269809656263,-0.5711241868453296
20,main,ja-jp-storyteller-9,T,kansai,18,鍋,5,類,ok,atamadaka,high,tokyo,0.2990676461811208,0.679635968522864,0.7316899528070667
20,main,ja-jp-storyteller-9,T,kansai,19,飴,1,類,ok,heiban,low,tokyo,0.9144266547516147,0.45990547775077967,-0.6549514923870137
20,main,ja-jp-storyteller-9,T,kansai,20,海,4,類,ok,atamadaka,high,tokyo,-0.24579812168177717,0.3391095151575285,0.972562427978797
20,main,ja-jp-storyteller-9,T,kansai,21,声,5,類,ok,atamadaka,high,tokyo,-0.3487040356701469,0.2524420692018634,0.9786785730023131
20,main,ja-jp-storyteller-9,T,kansai,22,前,5,確認,ok,atamadaka,high,tokyo,-0.15176769678843832,0.32282459580959577,0.8772779544001176
20,main,ja-jp-storyteller-9,T,kansai,23,顔,1,類,ok,heiban,low,tokyo,0.9540415100538149,0.6003972409368991,-0.47599203113651367
20,main,ja-jp-storyteller-9,T,kansai,24,花,3,確認,ok,odaka,low,tokyo,0.7934913950856864,0.9523125492312198,0.28739719716420314
21,main,ja-jp-storyteller-2,T,kansai,1,庭,1,類,ok,heiban,low,tokyo,0.9473041752496588,0.5933829044630816,-0.4462035300390259
21,main,ja-jp-storyteller-2,T,kansai,2,鍋,5,類,ok,atamadaka,high,tokyo,0.03270274708935861,0.30283046626892435,0.3167477007311196
21,main,ja-jp-storyteller-2,T,kansai,3,顔,1,類,ok,heiban,low,tokyo,0.9454613645469562,0.7330066345251963,-0.27083824777374715
21,main,ja-jp-storyteller-2,T,kansai,4,雨,5,確認,ok,atamadaka,high,tokyo,-0.6271394414640007,-0.30079983283003237,0.5149364618382366
21,main,ja-jp-storyteller-2,T,kansai,5,鼻,1,類,ok,heiban,low,tokyo,0.9707618311788965,0.5986483275260733,-0.5320607805932331
21,main,ja-jp-storyteller-2,T,kansai,6,窓,5,類,ok,atamadaka,high,tokyo,0.041064400719061055,0.3222460708896658,0.3426937442678111
21,main,ja-jp-storyteller-2,T,kansai,7,春,5,確認,ok,atamadaka,high,tokyo,-0.2999604528388686,0.011778258484987408,0.34441029904023795
21,main,ja-jp-storyteller-2,T,kansai,8,針,4,類,ok,atamadaka,high,tokyo,-0.305019462328284,0.05398132388573491,0.46086694796187944
21,main,ja-jp-storyteller-2,T,kansai,9,花,3,確認,ok,heiban,low,tokyo,0.9733381182337192,0.6322235432265877,-0.5017051189477308
21,main,ja-jp-storyteller-2,T,kansai,10,肩,4,類,ok,odaka,low,keihan,0.5414256365374289,0.6433137998392197,0.2192277193030614
21,main,ja-jp-storyteller-2,T,kansai,11,麦,4,類,ok,atamadaka,high,tokyo,-0.1457102718926021,0.2570063035998319,0.5489567921983194
21,main,ja-jp-storyteller-2,T,kansai,12,水,1,類,ok,heiban,low,tokyo,0.9787583837559511,0.6727594471149111,-0.4278842138871044
21,main,ja-jp-storyteller-2,T,kansai,13,耳,3,確認,ok,atamadaka,high,keihan,-0.3259526609654887,0.0035775545889175165,0.39758313055712463
21,main,ja-jp-storyteller-2,T,kansai,14,夢,2,確認,ok,atamadaka,high,keihan,-0.15648531642134506,-0.06647024760642317,0.03957434917960343
21,main,ja-jp-storyteller-2,T,kansai,15,紙,2,確認,ok,atamadaka,high,keihan,-0.40780876827532647,0.03628820225760786,0.5162421395704098
21,main,ja-jp-storyteller-2,T,kansai,16,山,3,確認,ok,odaka,low,tokyo,0.19934945319198594,0.4183097616125889,0.22867697590331051
21,main,ja-jp-storyteller-2,T,kansai,17,飴,1,類,ok,heiban,low,tokyo,0.9777959926587417,0.6414117286358955,-0.444818126114133
21,main,ja-jp-storyteller-2,T,kansai,18,稲,4,類,ok,atamadaka,high,tokyo,-0.5831006626772599,-0.1640679980422668,0.7065148615800205
21,main,ja-jp-storyteller-2,T,kansai,19,糸,4,類,ok,atamadaka,high,tokyo,-0.27826721579845565,-0.026343934387900673,0.2647690512034335
21,main,ja-jp-storyteller-2,T,kansai,20,川,2,確認,ok,odaka,low,tokyo,0.502534365502403,0.8733463082022067,0.6294107469432875
21,main,ja-jp-storyteller-2,T,kansai,21,鳥,1,類,ok,heiban,low,tokyo,0.9540878409285383,0.6157062001234799,-0.5181461322511599
21,main,ja-jp-storyteller-2,T,kansai,22,海,4,類,ok,atamadaka,high,tokyo,-0.5928505200180024,-0.185376341579999,0.6708592678455954
21,main,ja-jp-storyteller-2,T,kansai,23,声,5,類,ok,odaka,low,keihan,0.2491589640426459,0.612251221687428,0.6011252990732185
21,main,ja-jp-storyteller-2,T,kansai,24,前,5,確認,ok,atamadaka,high,tokyo,-0.38743543664584057,0.1740626319217144,0.9563442278339115
22,main,ja-jp-csagent-11,K,kansai,1,鳥,1,類,ok,odaka,low,tokyo,0.4158696652720339,0.7649522709128688,0.5472984625109003
22,main,ja-jp-csagent-11,K,kansai,2,稲,4,類,ok,odaka,low,keihan,0.5425246398249943,0.902071433053307,0.5995763513217
22,main,ja-jp-csagent-11,K,kansai,3,耳,3,確認,ok,atamadaka,high,keihan,-0.6078239873852973,-0.02340853163094594,0.9223968069149622
22,main,ja-jp-csagent-11,K,kansai,4,鼻,1,類,ok,atamadaka,high,not_tokyo,-0.35160343159832574,0.30370297411800534,0.8005199706235798
22,main,ja-jp-csagent-11,K,kansai,5,飴,1,類,ok,odaka,low,tokyo,0.8791151822248616,0.9151543721804121,0.09110870380378282
22,main,ja-jp-csagent-11,K,kansai,6,麦,4,類,ok,atamadaka,high,tokyo,-0.730444859463006,-0.1634504571020023,0.8713757028961376
22,main,ja-jp-csagent-11,K,kansai,7,雨,5,確認,ok,atamadaka,high,tokyo,-0.5156780943455079,0.1037740700704663,0.9566003838374779
22,main,ja-jp-csagent-11,K,kansai,8,窓,5,類,ok,odaka,low,keihan,0.48620271704794765,0.8756272189948516,0.6537419800063278
22,main,ja-jp-csagent-11,K,kansai,9,肩,4,類,ok,atamadaka,high,tokyo,0.18968282821461974,0.7423681123158545,0.8383927053135742
22,main,ja-jp-csagent-11,K,kansai,10,夢,2,確認,ok,atamadaka,high,keihan,-0.3934204143807034,0.21656235531219162,0.9864079460245365
22,main,ja-jp-csagent-11,K,kansai,11,山,3,確認,ok,atamadaka,high,keihan,-0.3696805009148949,0.20996275909241172,0.965290858653507
22,main,ja-jp-csagent-11,K,kansai,12,水,1,類,ok,odaka,low,tokyo,0.8446473136859695,0.8843301679048341,0.023031377967660967
22,main,ja-jp-csagent-11,K,kansai,13,紙,2,確認,ok,atamadaka,high,keihan,-0.5520034278968691,0.03513482851564851,0.9056561070569656
22,main,ja-jp-csagent-11,K,kansai,14,針,4,類,ok,atamadaka,high,tokyo,-0.44367261236444455,0.15573259066931103,0.9503934210401811
22,main,ja-jp-csagent-11,K,kansai,15,川,2,確認,ok,atamadaka,high,keihan,-0.6215216326128525,-0.06029570453517072,0.8800414453196425
22,main,ja-jp-csagent-11,K,kansai,16,鍋,5,類,ok,odaka,low,keihan,0.5420030433440348,0.9154927560271314,0.6065222664658153
22,main,ja-jp-csagent-11,K,kansai,17,海,4,類,ok,atamadaka,high,tokyo,-0.49435547964961163,0.11816557736278674,0.9533287614501805
22,main,ja-jp-csagent-11,K,kansai,18,顔,1,類,ok,atamadaka,high,not_tokyo,-0.331829226151365,0.28360593463376144,0.704978110807594
22,main,ja-jp-csagent-11,K,kansai,19,春,5,確認,ok,odaka,low,keihan,0.581594595242862,0.9367643552163388,0.5595621080720489
22,main,ja-jp-csagent-11,K,kansai,20,糸,4,類,ok,atamadaka,high,tokyo,-0.22092374763929148,0.22886344682794363,0.6953005517399009
22,main,ja-jp-csagent-11,K,kansai,21,花,3,確認,ok,atamadaka,high,keihan,-0.4292206708586057,0.1878272150887163,0.9567959889841552
22,main,ja-jp-csagent-11,K,kansai,22,声,5,類,ok,atamadaka,high,tokyo,-0.2922388840159129,0.3540778268509122,0.9086023664919972
22,main,ja-jp-csagent-11,K,kansai,23,前,5,確認,ok,odaka,low,keihan,0.3621820243410042,0.7901681142408701,0.7315411855195099
22,main,ja-jp-csagent-11,K,kansai,24,庭,1,類,ok,odaka,low,tokyo,0.5670243060049548,0.8776420141028353,0.4982292015756519
23,main,ja-jp-tutor-10,K,kansai,1,鳥,1,類,ok,atamadaka,high,not_tokyo,0.20562065691582607,0.7255579976679409,0.7902445673997156
23,main,ja-jp-tutor-10,K,kansai,2,声,5,類,ok,atamadaka,high,tokyo,-0.37477697315186104,-0.1608013043324319,0.12377684077425301
23,main,ja-jp-tutor-10,K,kansai,3,海,4,類,ok,atamadaka,high,tokyo,-0.337746051010271,-0.1342582555926134,0.13671352838060505
23,main,ja-jp-tutor-10,K,kansai,4,顔,1,類,ok,odaka,low,tokyo,0.26462111215377226,0.7485543596171652,0.7058668104377781
23,main,ja-jp-tutor-10,K,kansai,5,鍋,5,類,ok,atamadaka,high,tokyo,-0.08605531247430709,0.3402850912854819,0.5276175492779991
23,main,ja-jp-tutor-10,K,kansai,6,糸,4,類,ok,atamadaka,high,tokyo,-0.6454398726805385,-0.21807104525261123,0.6251111333124267
23,main,ja-jp-tutor-10,K,kansai,7,前,5,確認,ok,atamadaka,high,tokyo,-0.21624937889552023,0.009734033286965125,0.2402117046451885
23,main,ja-jp-tutor-10,K,kansai,8,山,3,確認,ok,atamadaka,high,keihan,-0.302196288215704,0.1922996329979561,0.666887957469903
23,main,ja-jp-tutor-10,K,kansai,9,雨,5,確認,ok,atamadaka,high,tokyo,-0.11373793457537555,0.19242062487405345,0.27624215413064357
23,main,ja-jp-tutor-10,K,kansai,10,麦,4,類,ok,atamadaka,high,tokyo,-0.026705003087150257,0.37096517838806775,0.623786843096432
23,main,ja-jp-tutor-10,K,kansai,11,川,2,確認,ok,atamadaka,high,keihan,0.02783971956903946,0.4323066020919875,0.678283233904495
23,main,ja-jp-tutor-10,K,kansai,12,春,5,確認,ok,atamadaka,high,tokyo,-0.2718005730516838,-0.04106873818756376,0.0963281696110584
23,main,ja-jp-tutor-10,K,kansai,13,花,3,確認,ok,atamadaka,high,keihan,-0.27115964190824743,0.1627104116450355,0.6131422834685268
23,main,ja-jp-tutor-10,K,kansai,14,耳,3,確認,ok,atamadaka,high,keihan,-0.49769700873887174,-0.12227649639062436,0.46113893592068683
23,main,ja-jp-tutor-10,K,kansai,15,飴,1,類,ok,atamadaka,high,not_tokyo,-0.06656647519342998,0.35844159009607784,0.505769940150981
23,main,ja-jp-tutor-10,K,kansai,16,鼻,1,類,ok,atamadaka,high,not_tokyo,-0.7374834889898438,-0.19592125167632482,0.8479341471426889
23,main,ja-jp-tutor-10,K,kansai,17,肩,4,類,ok,atamadaka,high,tokyo,0.0533941789812114,0.42543091309312686,0.6482747605136674
23,main,ja-jp-tutor-10,K,kansai,18,稲,4,類,ok,atamadaka,high,tokyo,-0.16362968875141015,0.20468426812284218,0.3929563259369973
23,main,ja-jp-tutor-10,K,kansai,19,針,4,類,ok,atamadaka,high,tokyo,-0.08330000092639415,0.29343111735351196,0.3963947554249721
23,main,ja-jp-tutor-10,K,kansai,20,紙,2,確認,ok,atamadaka,high,keihan,-0.11923046902397476,0.30520769233664374,0.7083545420042506
23,main,ja-jp-tutor-10,K,kansai,21,庭,1,類,ok,odaka,low,tokyo,0.6656771819427526,0.9112320707997792,0.4178544033268799
23,main,ja-jp-tutor-10,K,kansai,22,窓,5,類,ok,odaka,low,keihan,0.28051269648270283,0.5249524305696284,0.1755183028943786
23,main,ja-jp-tutor-10,K,kansai,23,夢,2,確認,ok,atamadaka,high,keihan,-0.5128514502321132,-0.08759120655636167,0.5219989412781438
23,main,ja-jp-tutor-10,K,kansai,24,水,1,類,ok,odaka,low,tokyo,0.278710637560393,0.8104161930729029,0.7750910364240223
24,main,ja-jp-podcaster-1,K,kansai,1,声,5,類,ok,atamadaka,high,tokyo,-0.4086523366952444,-0.37840347714915196,-0.1631647323387991
24,main,ja-jp-podcaster-1,K,kansai,2,鳥,1,類,ok,odaka,low,tokyo,0.5216095123179464,0.8633285492165507,0.31674403515578914
24,main,ja-jp-podcaster-1,K,kansai,3,飴,1,類,ok,atamadaka,high,not_tokyo,-0.15481557424924464,0.003356052818576974,0.034248343872806154
24,main,ja-jp-podcaster-1,K,kansai,4,庭,1,類,ok,odaka,low,tokyo,-0.015311962384990507,0.2218382772185809,0.1398525217958903
24,main,ja-jp-podcaster-1,K,kansai,5,海,4,類,ok,atamadaka,high,tokyo,-0.5108106220372843,-0.23202707076075418,0.24987552017523576
24,main,ja-jp-podcaster-1,K,kansai,6,夢,2,確認,ok,atamadaka,high,keihan,-0.15456745039100128,0.29792114084731003,0.6551532108418054
24,main,ja-jp-podcaster-1,K,kansai,7,川,2,確認,ok,odaka,low,tokyo,0.16738720634138549,0.4531690833760095,0.30660359748384347
24,main,ja-jp-podcaster-1,K,kansai,8,前,5,確認,ok,odaka,low,keihan,0.23402357534098933,0.6732793194860367,0.6588598806029454
24,main,ja-jp-podcaster-1,K,kansai,9,紙,2,確認,ok,odaka,low,tokyo,0.23387966807188892,0.5752904531988414,0.3689421951689543
24,main,ja-jp-podcaster-1,K,kansai,10,針,4,類,ok,odaka,low,keihan,0.6062056596025907,0.7631692320924447,0.1486759227900385
24,main,ja-jp-podcaster-1,K,kansai,11,鍋,5,類,ok,atamadaka,high,tokyo,-0.004173710759537162,0.4499359891576834,0.6018628172420978
24,main,ja-jp-podcaster-1,K,kansai,12,鼻,1,類,ok,odaka,low,tokyo,-0.014729906427090409,0.35125510144374866,0.3484338898488126
24,main,ja-jp-podcaster-1,K,kansai,13,糸,4,類,ok,odaka,low,keihan,0.27160814987247645,0.6207650808395946,0.42148869151111973
24,main,ja-jp-podcaster-1,K,kansai,14,花,3,確認,ok,odaka,low,tokyo,0.25010121860894485,0.6042929483516077,0.5826119769771471
24,main,ja-jp-podcaster-1,K,kansai,15,水,1,類,ok,atamadaka,high,not_tokyo,-0.8563748082221163,-0.41667833030874046,0.6925281782662345
24,main,ja-jp-podcaster-1,K,kansai,16,麦,4,類,ok,atamadaka,high,tokyo,-0.23921196040131812,0.12505655236958982,0.37203228292892804
24,main,ja-jp-podcaster-1,K,kansai,17,肩,4,類,ok,odaka,low,keihan,0.13344978352011008,0.48335113142729913,0.4672002344500349
24,main,ja-jp-podcaster-1,K,kansai,18,雨,5,確認,ok,atamadaka,high,tokyo,-0.3613808462777806,-0.09035227696123439,0.23434620481693633
24,main,ja-jp-podcaster-1,K,kansai,19,稲,4,類,ok,atamadaka,high,tokyo,-0.42652704581454076,0.10213268131842804,0.6359262149018294
24,main,ja-jp-podcaster-1,K,kansai,20,顔,1,類,ok,atamadaka,high,not_tokyo,-0.6065926696339867,-0.5259519061719703,-0.10585467274044935
24,main,ja-jp-podcaster-1,K,kansai,21,窓,5,類,ok,atamadaka,high,tokyo,-0.2928811471282686,0.12555671377922958,0.49221131127031215
24,main,ja-jp-podcaster-1,K,kansai,22,山,3,確認,ok,atamadaka,high,keihan,-0.21904983283183022,0.15159637314881527,0.46919221677735695
24,main,ja-jp-podcaster-1,K,kansai,23,春,5,確認,ok,atamadaka,high,tokyo,-0.17665122672421907,0.0658846684753281,0.11461754436842808
24,main,ja-jp-podcaster-1,K,kansai,24,耳,3,確認,ok,atamadaka,high,keihan,-0.7205708790803421,-0.27718536931498994,0.7053763297610264
25,repeat,ja-jp-concierge-3,K,kansai,1,顔,1,類,ok,odaka,low,tokyo,0.7165958278504716,0.74754993593618,0.1456593523651435
25,repeat,ja-jp-concierge-3,K,kansai,2,窓,5,類,ok,odaka,low,keihan,0.8544545521553553,0.9730952073903036,0.20244610534061108
25,repeat,ja-jp-concierge-3,K,kansai,3,水,1,類,ok,heiban,low,tokyo,0.9110460285527411,0.773116167155925,-0.15303898503513502
25,repeat,ja-jp-concierge-3,K,kansai,4,前,5,確認,ok,odaka,low,keihan,0.6699929332531248,0.9136331136182765,0.4341576962843124
25,repeat,ja-jp-concierge-3,K,kansai,5,声,5,類,ok,odaka,low,keihan,0.507298126321309,0.8813640348864361,0.601127551983138
25,repeat,ja-jp-concierge-3,K,kansai,6,耳,3,確認,ok,atamadaka,high,keihan,-0.017268510402270742,0.48754720945794283,0.8851669336260495
25,repeat,ja-jp-concierge-3,K,kansai,7,鳥,1,類,ok,heiban,low,tokyo,0.7380181954281613,0.6996353702304147,0.01641506010177316
25,repeat,ja-jp-concierge-3,K,kansai,8,肩,4,類,ok,heiban,low,keihan,0.9362790591209512,0.909737970061896,-0.012312787108798292
25,repeat,ja-jp-concierge-3,K,kansai,9,紙,2,確認,ok,atamadaka,high,keihan,0.07993288426992012,0.562664904732156,0.8468214581331664
25,repeat,ja-jp-concierge-3,K,kansai,10,鍋,5,類,ok,atamadaka,high,tokyo,0.08346940069855487,0.549658745554884,0.8441508794053532
25,repeat,ja-jp-concierge-3,K,kansai,11,春,5,確認,ok,odaka,low,keihan,0.7327991297770953,0.9753060169032648,0.39983892538150784
25,repeat,ja-jp-concierge-3,K,kansai,12,飴,1,類,ok,heiban,low,tokyo,0.9465298694311157,0.7297518676617888,-0.243148353574676
25,repeat,ja-jp-concierge-3,K,kansai,13,夢,2,確認,ok,atamadaka,high,keihan,-0.23868181342400224,0.27299619487434285,0.9100980238754688
25,repeat,ja-jp-concierge-3,K,kansai,14,鼻,1,類,ok,odaka,low,tokyo,0.324789982109786,0.8116690309738195,0.7531067518473002
25,repeat,ja-jp-concierge-3,K,kansai,15,雨,5,確認,ok,atamadaka,high,tokyo,-0.05735569461806658,0.49489020310540666,0.9306850634496665
25,repeat,ja-jp-concierge-3,K,kansai,16,稲,4,類,ok,odaka,low,keihan,0.600610429628542,0.9332213284116531,0.5582156628020069
25,repeat,ja-jp-concierge-3,K,kansai,17,花,3,確認,ok,odaka,low,tokyo,0.853341009806307,0.9298525267113487,0.1929683431264103
25,repeat,ja-jp-concierge-3,K,kansai,18,川,2,確認,ok,atamadaka,high,keihan,0.1440089823449996,0.4751980591569689,0.5086519427209356
25,repeat,ja-jp-concierge-3,K,kansai,19,海,4,類,ok,odaka,low,keihan,0.7728374505132192,0.9613146170676017,0.31010384525280604
25,repeat,ja-jp-concierge-3,K,kansai,20,庭,1,類,ok,odaka,low,tokyo,0.38450999783676054,0.7881569935075076,0.7121755217636044
25,repeat,ja-jp-concierge-3,K,kansai,21,針,4,類,ok,odaka,low,keihan,0.8411675757651962,0.9546201897142759,0.21299719166779904
25,repeat,ja-jp-concierge-3,K,kansai,22,山,3,確認,ok,atamadaka,high,keihan,0.060445473717748985,0.544494229549086,0.8683952799276362
25,repeat,ja-jp-concierge-3,K,kansai,23,麦,4,類,ok,atamadaka,high,tokyo,0.059013332143959984,0.5373347288259772,0.8702848890023697
25,repeat,ja-jp-concierge-3,K,kansai,24,糸,4,類,ok,odaka,low,keihan,0.5211638504750026,0.907578661979763,0.6267517229905689
26,repeat,ja-jp-advisor-6,K,kansai,1,鼻,1,類,ok,odaka,low,tokyo,0.3824132042276972,0.8564677850961833,0.5937019986216162
26,repeat,ja-jp-advisor-6,K,kansai,2,飴,1,類,ok,odaka,low,tokyo,0.577173667942952,0.9292540225813265,0.43077506636756624
26,repeat,ja-jp-advisor-6,K,kansai,3,紙,2,確認,ok,odaka,low,tokyo,0.3512585007623453,0.6370732608119991,0.5451373960180053
26,repeat,ja-jp-advisor-6,K,kansai,4,耳,3,確認,ok,atamadaka,high,keihan,-0.6634138054509947,-0.06507719769429056,0.900036392864234
26,repeat,ja-jp-advisor-6,K,kansai,5,海,4,類,ok,atamadaka,high,tokyo,-0.16212120527417806,0.2566745337364458,0.6796239706091145
26,repeat,ja-jp-advisor-6,K,kansai,6,山,3,確認,ok,atamadaka,high,keihan,-0.664304681371363,-0.07066584705640128,0.8871695040727492
26,repeat,ja-jp-advisor-6,K,kansai,7,鍋,5,類,ok,atamadaka,high,tokyo,-0.20193892340335695,0.1022334803819534,0.2949489351724411
26,repeat,ja-jp-advisor-6,K,kansai,8,春,5,確認,ok,odaka,low,keihan,0.24429134430877922,0.4866627928379731,0.2706046390664942
26,repeat,ja-jp-advisor-6,K,kansai,9,糸,4,類,ok,atamadaka,high,tokyo,-0.8674598011426227,-0.5179854809068846,0.5030133334746786
26,repeat,ja-jp-advisor-6,K,kansai,10,雨,5,確認,ok,odaka,low,keihan,0.4232004151132528,0.873021795450088,0.7066257490175272
26,repeat,ja-jp-advisor-6,K,kansai,11,針,4,類,ok,atamadaka,high,tokyo,-0.23923440693403755,0.018281376837321825,0.1565443504636471
26,repeat,ja-jp-advisor-6,K,kansai,12,川,2,確認,ok,atamadaka,high,keihan,0.2501932024497648,0.6547777849512807,0.6959353026864089
26,repeat,ja-jp-advisor-6,K,kansai,13,前,5,確認,ok,atamadaka,high,tokyo,-0.5133913136869779,-0.32970504214785995,0.11802939317933482
26,repeat,ja-jp-advisor-6,K,kansai,14,稲,4,類,ok,atamadaka,high,tokyo,-0.44851194403330974,-0.1522394357063542,0.25389471989286444
26,repeat,ja-jp-advisor-6,K,kansai,15,水,1,類,ok,odaka,low,tokyo,0.5568736532980413,0.822580949557042,0.4432477731643053
26,repeat,ja-jp-advisor-6,K,kansai,16,花,3,確認,ok,atamadaka,high,keihan,-0.2051745710294851,0.11073745046714575,0.5372856768268839
26,repeat,ja-jp-advisor-6,K,kansai,17,顔,1,類,ok,atamadaka,high,not_tokyo,-0.7181263080829189,-0.7341635531843693,-0.10886675298921943
26,repeat,ja-jp-advisor-6,K,kansai,18,窓,5,類,ok,atamadaka,high,tokyo,-0.15005195875582375,0.2976282059033089,0.5311804992064103
26,repeat,ja-jp-advisor-6,K,kansai,19,肩,4,類,ok,atamadaka,high,tokyo,-0.590130249073627,-0.4268178303317626,0.024784267969465094
26,repeat,ja-jp-advisor-6,K,kansai,20,庭,1,類,ok,odaka,low,tokyo,0.7120526627987459,0.9597540421511903,0.31832447159722455
26,repeat,ja-jp-advisor-6,K,kansai,21,夢,2,確認,ok,atamadaka,high,keihan,-0.1386553540567035,0.2917520676330741,0.6384271628009458
26,repeat,ja-jp-advisor-6,K,kansai,22,麦,4,類,ok,atamadaka,high,tokyo,-0.6524324228114301,-0.05916759560098061,0.9165411704396038
26,repeat,ja-jp-advisor-6,K,kansai,23,鳥,1,類,ok,odaka,low,tokyo,0.6170691091327247,0.885762876485933,0.2043842039479175
26,repeat,ja-jp-advisor-6,K,kansai,24,声,5,類,ok,odaka,low,keihan,0.6907537879002457,0.8371745746053489,0.33465012792936955
39,main_x,ja-jp-csagent-11,N,kansai,1,鳥,1,類,ok,odaka,low,tokyo,0.31150912976991807,0.7789884766393252,0.48628482149236185
39,main_x,ja-jp-csagent-11,N,kansai,2,夢,2,確認,ok,atamadaka,high,keihan,-0.5337480656455605,0.0046238848998332105,0.8649597592639919
39,main_x,ja-jp-csagent-11,N,kansai,3,耳,3,確認,ok,atamadaka,high,keihan,-0.5677342961748651,0.0022467597619116905,0.9327539747407311
39,main_x,ja-jp-csagent-11,N,kansai,4,花,3,確認,ok,atamadaka,high,keihan,-0.6667649599496975,-0.09459865134330588,0.8751270561262291
39,main_x,ja-jp-csagent-11,N,kansai,5,飴,1,類,ok,atamadaka,high,not_tokyo,-0.5515179117922318,-0.0105197873644656,0.8972980652078699
39,main_x,ja-jp-csagent-11,N,kansai,6,麦,4,類,ok,atamadaka,high,tokyo,-0.7521721202540824,-0.1839688012825982,0.837190857645359
39,main_x,ja-jp-csagent-11,N,kansai,7,紙,2,確認,ok,atamadaka,high,keihan,-0.5709929634112951,0.03245769227234131,0.9454703698305372
39,main_x,ja-jp-csagent-11,N,kansai,8,針,4,類,ok,atamadaka,high,tokyo,-0.3892151101401614,0.2563020423651293,0.9777300481351036
39,main_x,ja-jp-csagent-11,N,kansai,9,肩,4,類,ok,odaka,low,keihan,0.38748287952903143,0.7376039945794407,0.3818171545892
39,main_x,ja-jp-csagent-11,N,kansai,10,春,5,確認,ok,atamadaka,high,tokyo,-0.705365004584626,-0.13677237338266152,0.8494773239144462
39,main_x,ja-jp-csagent-11,N,kansai,11,稲,4,類,ok,heiban,low,keihan,0.8490360895126962,0.4088563584046477,-0.6390755136718635
39,main_x,ja-jp-csagent-11,N,kansai,12,窓,5,類,ok,atamadaka,high,tokyo,-0.5528836020727836,0.008354139638990293,0.8878531140582611
39,main_x,ja-jp-csagent-11,N,kansai,13,山,3,確認,ok,atamadaka,high,keihan,-0.1310769599617511,0.43948355689368684,0.9169884672247104
39,main_x,ja-jp-csagent-11,N,kansai,14,糸,4,類,ok,atamadaka,high,tokyo,-0.5584892372319497,0.005300872547580404,0.8558542538015148
39,main_x,ja-jp-csagent-11,N,kansai,15,水,1,類,ok,atamadaka,high,not_tokyo,-0.7502906189581425,-0.18660474350930942,0.8449029760133245
39,main_x,ja-jp-csagent-11,N,kansai,16,海,4,類,ok,atamadaka,high,tokyo,-0.3934781048062823,0.15755040267281697,0.915613347989165
39,main_x,ja-jp-csagent-11,N,kansai,17,庭,1,類,ok,atamadaka,high,not_tokyo,0.013440369171738449,0.6036083261828675,0.9217826666029451
39,main_x,ja-jp-csagent-11,N,kansai,18,鍋,5,類,ok,atamadaka,high,tokyo,-0.5918876694702668,-0.04111676476213703,0.9122420995076398
39,main_x,ja-jp-csagent-11,N,kansai,19,顔,1,類,ok,odaka,low,tokyo,0.28160192095606223,0.29538118269717045,0.16743900035078027
39,main_x,ja-jp-csagent-11,N,kansai,20,鼻,1,類,ok,atamadaka,high,not_tokyo,-0.6261132482190587,-0.02013612045355762,0.8435539499105521
39,main_x,ja-jp-csagent-11,N,kansai,21,川,2,確認,ok,atamadaka,high,keihan,-0.647700749444737,-0.2475061935390642,0.6925200540946237
39,main_x,ja-jp-csagent-11,N,kansai,22,雨,5,確認,ok,atamadaka,high,tokyo,-0.8134549016630827,-0.29087206365869994,0.7643487132251576
39,main_x,ja-jp-csagent-11,N,kansai,23,前,5,確認,ok,atamadaka,high,tokyo,0.003263691710412838,0.6009520997053591,0.9069383064427612
39,main_x,ja-jp-csagent-11,N,kansai,24,声,5,類,ok,atamadaka,high,tokyo,-0.4897719765167914,0.11692001296724236,0.964098882731297
40,main_x,ja-jp-tutor-10,N,kansai,1,山,3,確認,ok,atamadaka,high,keihan,-0.6386683920612654,-0.10020330608889295,0.8741912967589791
40,main_x,ja-jp-tutor-10,N,kansai,2,鳥,1,類,ok,heiban,low,tokyo,0.3194422760490641,-0.1536274918479025,-0.6929855429190359
40,main_x,ja-jp-tutor-10,N,kansai,3,麦,4,類,ok,atamadaka,high,tokyo,-0.017411077813756528,0.5542260870563721,0.9233983502871667
40,main_x,ja-jp-tutor-10,N,kansai,4,鍋,5,類,ok,atamadaka,high,tokyo,0.27316351092629676,0.797038851450151,0.8053066459175475
40,main_x,ja-jp-tutor-10,N,kansai,5,花,3,確認,ok,atamadaka,high,keihan,-0.6409043009223928,-0.08455546876002766,0.8805527394686765
40,main_x,ja-jp-tutor-10,N,kansai,6,前,5,確認,ok,atamadaka,high,tokyo,0.299627985252958,0.7497513607819573,0.7748264521313742
40,main_x,ja-jp-tutor-10,N,kansai,7,海,4,類,ok,atamadaka,high,tokyo,-0.037997802207797686,0.4959126261067532,0.8839075164573873
40,main_x,ja-jp-tutor-10,N,kansai,8,窓,5,類,ok,atamadaka,high,tokyo,0.23398834359735485,0.7476777277058175,0.8234621888811543
40,main_x,ja-jp-tutor-10,N,kansai,9,声,5,類,ok,atamadaka,high,tokyo,-0.38232371923655556,-0.10081128663745952,0.4284411770444652
40,main_x,ja-jp-tutor-10,N,kansai,10,針,4,類,ok,atamadaka,high,tokyo,0.008899669542041131,0.5316440396042769,0.8667138384420889
40,main_x,ja-jp-tutor-10,N,kansai,11,水,1,類,ok,atamadaka,high,not_tokyo,0.06075763163690333,0.6411865990418798,0.9144603207680285
40,main_x,ja-jp-tutor-10,N,kansai,12,雨,5,確認,ok,atamadaka,high,tokyo,-0.04058066248642941,0.5068299126241387,0.8976434865133582
40,main_x,ja-jp-tutor-10,N,kansai,13,紙,2,確認,ok,atamadaka,high,keihan,-0.499148315089858,-0.08439925506636917,0.6565900048609421
40,main_x,ja-jp-tutor-10,N,kansai,14,稲,4,類,ok,atamadaka,high,tokyo,-0.885421142302298,-0.41189186808247635,0.6868607125139302
40,main_x,ja-jp-tutor-10,N,kansai,15,鼻,1,類,ok,atamadaka,high,not_tokyo,-0.6155213324675988,-0.03209811938355506,0.8912011949348086
40,main_x,ja-jp-tutor-10,N,kansai,16,糸,4,類,ok,odaka,low,keihan,0.2024022247039119,0.5656531236283083,0.5093720385055182
40,main_x,ja-jp-tutor-10,N,kansai,17,飴,1,類,ok,atamadaka,high,not_tokyo,0.09675077241203234,0.5710498605724047,0.7704037386778937
40,main_x,ja-jp-tutor-10,N,kansai,18,庭,1,類,ok,atamadaka,high,not_tokyo,-0.684259134817615,-0.12612805526021015,0.8808186568494619
40,main_x,ja-jp-tutor-10,N,kansai,19,川,2,確認,ok,atamadaka,high,keihan,-0.7243426432384316,-0.17456315829035665,0.8285914581029349
40,main_x,ja-jp-tutor-10,N,kansai,20,春,5,確認,ok,atamadaka,high,tokyo,-0.03508463636581818,0.3514572197077658,0.5711211445988645
40,main_x,ja-jp-tutor-10,N,kansai,21,顔,1,類,ok,atamadaka,high,not_tokyo,-0.11170082982940112,0.49322742619113713,0.9282251142621436
40,main_x,ja-jp-tutor-10,N,kansai,22,耳,3,確認,ok,atamadaka,high,keihan,-0.824913980875002,-0.35112830835182085,0.74906018135381
40,main_x,ja-jp-tutor-10,N,kansai,23,夢,2,確認,ok,atamadaka,high,keihan,-0.217489426648981,0.2404170052238489,0.6322099442415143
40,main_x,ja-jp-tutor-10,N,kansai,24,肩,4,類,ok,atamadaka,high,tokyo,-0.8094465815676093,-0.31490589566088506,0.6889842834080283
41,main_x,ja-jp-podcaster-1,N,kansai,1,紙,2,確認,ok,atamadaka,high,keihan,-0.39346359946784637,0.24302029390396815,0.9689064371918367
41,main_x,ja-jp-podcaster-1,N,kansai,2,針,4,類,ok,atamadaka,high,tokyo,-0.3417077355641104,0.27410030395391344,0.9730473419895277
41,main_x,ja-jp-podcaster-1,N,kansai,3,花,3,確認,ok,atamadaka,high,keihan,-0.34678395432714726,0.2686951358069261,0.9763187824413871
41,main_x,ja-jp-podcaster-1,N,kansai,4,夢,2,確認,ok,atamadaka,high,keihan,-0.31992383675526936,0.28490476995979247,0.9763330251283896
41,main_x,ja-jp-podcaster-1,N,kansai,5,耳,3,確認,ok,atamadaka,high,keihan,-0.3803512230837376,0.24925300746475085,0.9864201104770827
41,main_x,ja-jp-podcaster-1,N,kansai,6,山,3,確認,ok,atamadaka,high,keihan,-0.36265799671170024,0.24880548421171797,0.9789687825990001
41,main_x,ja-jp-podcaster-1,N,kansai,7,海,4,類,ok,atamadaka,high,tokyo,-0.26372801046464345,0.39310330463506904,0.9859297466603667
41,main_x,ja-jp-podcaster-1,N,kansai,8,前,5,確認,ok,atamadaka,high,tokyo,-0.15555363927745594,0.43536392568492244,0.9285142804857728
41,main_x,ja-jp-podcaster-1,N,kansai,9,鍋,5,類,ok,atamadaka,high,tokyo,-0.5793063863192784,0.056598964190261156,0.9485127523713823
41,main_x,ja-jp-podcaster-1,N,kansai,10,鳥,1,類,ok,atamadaka,high,not_tokyo,-0.5842452501176104,0.024691761824952755,0.891192797237926
41,main_x,ja-jp-podcaster-1,N,kansai,11,声,5,類,ok,atamadaka,high,tokyo,-0.792949259094001,-0.22816094784385596,0.7674941675916067
41,main_x,ja-jp-podcaster-1,N,kansai,12,糸,4,類,ok,atamadaka,high,tokyo,-0.08210769222292541,0.5108129938954429,0.8706552266763837
41,main_x,ja-jp-podcaster-1,N,kansai,13,鼻,1,類,ok,atamadaka,high,not_tokyo,-0.7645305761201149,-0.1985992615672272,0.8359233080717189
41,main_x,ja-jp-podcaster-1,N,kansai,14,庭,1,類,ok,atamadaka,high,not_tokyo,-0.4822416734516355,0.15510382022968577,0.9769095824289581
41,main_x,ja-jp-podcaster-1,N,kansai,15,肩,4,類,ok,atamadaka,high,tokyo,-0.7944925262383535,-0.2305547712685444,0.7446431794289707
41,main_x,ja-jp-podcaster-1,N,kansai,16,稲,4,類,ok,atamadaka,high,tokyo,-0.5091169457192591,0.13251385182828843,0.9471930489913045
41,main_x,ja-jp-podcaster-1,N,kansai,17,顔,1,類,ok,atamadaka,high,not_tokyo,-0.23144186597949618,0.0381633419771135,0.17978999940146298
41,main_x,ja-jp-podcaster-1,N,kansai,18,水,1,類,ok,heiban,low,tokyo,0.8952967800740335,0.8017906794838604,-0.13854646211842664
41,main_x,ja-jp-podcaster-1,N,kansai,19,春,5,確認,ok,atamadaka,high,tokyo,-0.11758563178468485,0.4628197005163571,0.9157079956648444
41,main_x,ja-jp-podcaster-1,N,kansai,20,窓,5,類,ok,atamadaka,high,tokyo,-0.27612001387972107,0.34431648019482397,0.9830163754224757
41,main_x,ja-jp-podcaster-1,N,kansai,21,雨,5,確認,ok,atamadaka,high,tokyo,-0.3233122069846523,0.31826463112683345,0.9874400129130609
41,main_x,ja-jp-podcaster-1,N,kansai,22,麦,4,類,ok,atamadaka,high,tokyo,-0.4091860315738014,0.2392926301423494,0.9866335148016598
41,main_x,ja-jp-podcaster-1,N,kansai,23,川,2,確認,ok,odaka,low,tokyo,0.32672733847964625,0.7775429243482508,0.4529725687662464
41,main_x,ja-jp-podcaster-1,N,kansai,24,飴,1,類,ok,atamadaka,high,not_tokyo,-0.5271939881848872,0.09113089275481012,0.9590795895373606
901,vertex31,Kore,K,kansai,1,川,2,確認,ok,atamadaka,high,keihan,0.03810913255593803,0.4842159377381173,0.8405720425380077
901,vertex31,Kore,K,kansai,2,耳,3,確認,ok,atamadaka,high,keihan,-0.2757929159602428,0.1231058755140808,0.5497052336355464
901,vertex31,Kore,K,kansai,3,花,3,確認,ok,atamadaka,high,keihan,-0.1335795620390449,0.3078389649524046,0.7927091212250273
901,vertex31,Kore,K,kansai,4,窓,5,類,ok,odaka,low,keihan,0.07588173366408557,0.3279322308902568,0.21215406589859281
901,vertex31,Kore,K,kansai,5,飴,1,類,ok,atamadaka,high,not_tokyo,-0.03140833837923299,0.5896443251905157,0.8713036150487218
901,vertex31,Kore,K,kansai,6,鍋,5,類,ok,odaka,low,keihan,0.27059462484357694,0.5629627686171772,0.26994756666394637
901,vertex31,Kore,K,kansai,7,春,5,確認,ok,odaka,low,keihan,0.4169221938514876,0.8820256790736709,0.7084978545515286
901,vertex31,Kore,K,kansai,8,鳥,1,類,ok,atamadaka,high,not_tokyo,-0.1707262625734096,0.47433426855061145,0.8838056273377798
901,vertex31,Kore,K,kansai,9,雨,5,確認,ok,odaka,low,keihan,0.8175059579519374,0.8926669478000838,0.20633071083857193
901,vertex31,Kore,K,kansai,10,海,4,類,ok,atamadaka,high,tokyo,0.2645357917590582,0.7863050808570213,0.8135394184383348
901,vertex31,Kore,K,kansai,11,夢,2,確認,ok,atamadaka,high,keihan,-0.4694992731374351,-0.00959012506117475,0.6326110499892728
901,vertex31,Kore,K,kansai,12,山,3,確認,ok,atamadaka,high,keihan,-0.4465214121723579,0.035699060213013244,0.675945177398181
901,vertex31,Kore,K,kansai,13,鼻,1,類,ok,atamadaka,high,not_tokyo,-0.18869318562486315,0.4776333236600944,0.9236251747689592
901,vertex31,Kore,K,kansai,14,前,5,確認,ok,atamadaka,high,tokyo,-0.3590936734096933,-0.06379861608004667,0.3515525766320366
901,vertex31,Kore,K,kansai,15,紙,2,確認,ok,atamadaka,high,keihan,-0.2830603385949039,0.1586496682879244,0.677999596647006
901,vertex31,Kore,K,kansai,16,糸,4,類,ok,atamadaka,high,tokyo,-0.48692594361510905,0.012462799352759015,0.7543592493774184
901,vertex31,Kore,K,kansai,17,麦,4,類,ok,atamadaka,high,tokyo,0.03695078452898808,0.5304225772557973,0.6033121560213766
901,vertex31,Kore,K,kansai,18,稲,4,類,ok,atamadaka,high,tokyo,0.09160970430530235,0.5790956254032638,0.6900452517242989
901,vertex31,Kore,K,kansai,19,庭,1,類,ok,atamadaka,high,not_tokyo,-0.025149119995504423,0.5725280107976466,0.8806586208244455
901,vertex31,Kore,K,kansai,20,肩,4,類,ok,atamadaka,high,tokyo,-0.2684152783225269,0.195948890536759,0.5008546743534115
901,vertex31,Kore,K,kansai,21,針,4,類,ok,atamadaka,high,tokyo,-0.49707178179652817,0.026991009379490838,0.7115545987996184
901,vertex31,Kore,K,kansai,22,水,1,類,ok,atamadaka,high,not_tokyo,-0.199624759747773,0.4473841901761227,0.9675815360236506
901,vertex31,Kore,K,kansai,23,声,5,類,ok,atamadaka,high,tokyo,-0.4757990571288771,0.012431310123075546,0.6629423593168953
901,vertex31,Kore,K,kansai,24,顔,1,類,ok,atamadaka,high,not_tokyo,-0.1653156015240638,0.0308311987961412,0.1604637654766579
902,vertex31,Kore,N,kansai,1,庭,1,類,ok,odaka,low,tokyo,0.7956174503197938,0.8189143334469307,0.10368120519569872
902,vertex31,Kore,N,kansai,2,窓,5,類,ok,heiban,low,keihan,0.6418866618647802,0.40964899095695273,-0.48866569577662883
902,vertex31,Kore,N,kansai,3,夢,2,確認,ok,atamadaka,high,keihan,-0.24576884853367406,0.1596609649060019,0.7516440748161543
902,vertex31,Kore,N,kansai,4,顔,1,類,ok,atamadaka,high,not_tokyo,-0.009106676581509904,0.42439109736874164,0.5852471763115831
902,vertex31,Kore,N,kansai,5,川,2,確認,ok,atamadaka,high,keihan,-0.1108871089881474,0.2705055750214517,0.5427089014826614
902,vertex31,Kore,N,kansai,6,飴,1,類,ok,odaka,low,tokyo,0.5317100177174439,0.8498672208280792,0.4764868839387846
902,vertex31,Kore,N,kansai,7,糸,4,類,ok,heiban,low,keihan,0.7443309571575214,0.33954508045185483,-0.7355399816699582
902,vertex31,Kore,N,kansai,8,花,3,確認,ok,odaka,low,tokyo,0.38984348746963127,0.779041332127422,0.7174661566370661
902,vertex31,Kore,N,kansai,9,稲,4,類,ok,atamadaka,high,tokyo,-0.2874508397744285,0.24087250232035273,0.7646436640146747
902,vertex31,Kore,N,kansai,10,針,4,類,ok,odaka,low,keihan,0.2613839102452226,0.43681788610305106,0.041595173504710856
902,vertex31,Kore,N,kansai,11,耳,3,確認,ok,atamadaka,high,keihan,-0.1367340510081549,0.3109392327725228,0.5853717707842859
902,vertex31,Kore,N,kansai,12,前,5,確認,ok,atamadaka,high,tokyo,0.027254686416041396,0.00017811618853483783,0.10942759357139206
902,vertex31,Kore,N,kansai,13,春,5,確認,ok,odaka,low,keihan,0.10191419909948086,0.11194832286763334,-0.007283874543159464
902,vertex31,Kore,N,kansai,14,麦,4,類,ok,heiban,low,keihan,0.3119043902462548,0.2217201754432569,-0.14578463953772008
902,vertex31,Kore,N,kansai,15,肩,4,類,ok,odaka,low,keihan,0.15937783766844524,0.589757400898849,0.46906678968745114
902,vertex31,Kore,N,kansai,16,鼻,1,類,ok,odaka,low,tokyo,0.4356193971080451,0.8464002701653666,0.5875533356528402
902,vertex31,Kore,N,kansai,17,声,5,類,ok,heiban,low,keihan,0.36851333417689247,-0.01015127156545813,-0.5346162089098555
902,vertex31,Kore,N,kansai,18,海,4,類,ok,heiban,low,keihan,0.15633698356064057,0.13169521763216704,-0.09788152225190278
902,vertex31,Kore,N,kansai,19,山,3,確認,ok,atamadaka,high,keihan,-0.25984935565104655,0.27260255713249154,0.7661818522422995
902,vertex31,Kore,N,kansai,20,鍋,5,類,ok,odaka,low,keihan,0.5316202728053993,0.60456798900135,0.12389639766306268
902,vertex31,Kore,N,kansai,21,水,1,類,ok,odaka,low,tokyo,0.7472355177760349,0.8713070357557687,0.25164217787037413
902,vertex31,Kore,N,kansai,22,鳥,1,類,ok,odaka,low,tokyo,0.5886043939741552,0.926687018646897,0.4958362817539549
902,vertex31,Kore,N,kansai,23,紙,2,確認,ok,atamadaka,high,keihan,-0.05361162344217847,0.48688961914117534,0.8842368891928409
902,vertex31,Kore,N,kansai,24,雨,5,確認,ok,odaka,low,keihan,0.22239269398213588,0.3938239096228111,0.26584160740970486
903,vertex31,Charon,K,kansai,1,鳥,1,類,ok,heiban,low,tokyo,0.3799792669102062,0.15656821416904004,-0.4214165452525084
903,vertex31,Charon,K,kansai,2,雨,5,確認,ok,atamadaka,high,tokyo,-0.22046032127211,0.15048206814931042,0.2505347881511862
903,vertex31,Charon,K,kansai,3,稲,4,類,ok,atamadaka,high,tokyo,-0.696809194621826,-0.16820901028620844,0.6360342766674936
903,vertex31,Charon,K,kansai,4,針,4,類,ok,atamadaka,high,tokyo,-0.9056701576296639,-0.5023833061713521,0.5997801055421104
903,vertex31,Charon,K,kansai,5,耳,3,確認,ok,atamadaka,high,keihan,-0.05972993606288858,0.35833196552232993,0.6030530290805118
903,vertex31,Charon,K,kansai,6,窓,5,類,ok,atamadaka,high,tokyo,-0.03149561826847114,0.37967397819977444,0.6577075160045696
903,vertex31,Charon,K,kansai,7,鼻,1,類,ok,atamadaka,high,not_tokyo,-0.6460984384128834,-0.26003426281150177,0.6682303252684741
903,vertex31,Charon,K,kansai,8,糸,4,類,ok,heiban,low,keihan,-0.0985087478625215,-0.4418802409839036,-0.48375944491388456
903,vertex31,Charon,K,kansai,9,水,1,類,ok,atamadaka,high,not_tokyo,0.009398192575197186,0.5832482316130851,0.8498554631844388
903,vertex31,Charon,K,kansai,10,飴,1,類,ok,atamadaka,high,not_tokyo,-0.3534426035620993,-0.37056331677445814,-0.2219904162345261
903,vertex31,Charon,K,kansai,11,顔,1,類,ok,heiban,low,tokyo,0.4540858998602247,0.3271190963603759,-0.3979499031798769
903,vertex31,Charon,K,kansai,12,海,4,類,ok,odaka,low,keihan,-0.08424765219453033,0.22705609058794332,0.16100174028101694
903,vertex31,Charon,K,kansai,13,花,3,確認,ok,odaka,low,tokyo,0.2694955497430359,0.5596507796374247,0.4002792616737826
903,vertex31,Charon,K,kansai,14,麦,4,類,ok,odaka,low,keihan,0.3403705862939323,0.4268591984017556,-0.0430526783230012
903,vertex31,Charon,K,kansai,15,春,5,確認,ok,atamadaka,high,tokyo,-0.7514389111182803,-0.2619807258411134,0.7491931657616062
903,vertex31,Charon,K,kansai,16,庭,1,類,ok,atamadaka,high,not_tokyo,-0.12999575207313885,0.4783879780573219,0.8910234873369497
903,vertex31,Charon,K,kansai,17,夢,2,確認,ok,atamadaka,high,keihan,-0.31126621525349696,0.21392450754449951,0.81102075654135
903,vertex31,Charon,K,kansai,18,鍋,5,類,ok,atamadaka,high,tokyo,0.07368930508160566,0.48337458925764737,0.6422119381604618
903,vertex31,Charon,K,kansai,19,声,5,類,ok,atamadaka,high,tokyo,-0.1534237262632522,0.3166819615383936,0.4591770434367998
903,vertex31,Charon,K,kansai,20,山,3,確認,ok,atamadaka,high,keihan,-0.14007062909419263,0.22203698115543563,0.5426295775377701
903,vertex31,Charon,K,kansai,21,川,2,確認,ok,atamadaka,high,keihan,0.02957566341988638,0.466934309656226,0.7495048476064277
903,vertex31,Charon,K,kansai,22,前,5,確認,ok,atamadaka,high,tokyo,-0.4794888408377998,-0.14320065412535055,0.5434666377834517
903,vertex31,Charon,K,kansai,23,紙,2,確認,ok,atamadaka,high,keihan,-0.32335917471765924,0.13586746341693884,0.6652051082103373
903,vertex31,Charon,K,kansai,24,肩,4,類,ok,atamadaka,high,tokyo,-0.2056937881471541,0.05450925833311904,0.11345500320054995
904,vertex31,Charon,N,kansai,1,花,3,確認,ok,atamadaka,high,keihan,0.02252005637773851,0.4868254873380299,0.8390459068416513
904,vertex31,Charon,N,kansai,2,耳,3,確認,ok,atamadaka,high,keihan,-0.3189332838743945,0.2076984944729255,0.8386702329895865
904,vertex31,Charon,N,kansai,3,飴,1,類,ok,odaka,low,tokyo,0.27108340392425834,0.780102105521086,0.7319990358627436
904,vertex31,Charon,N,kansai,4,鍋,5,類,ok,odaka,low,keihan,0.7128673056562226,0.7597660026362205,0.046277759436869126
904,vertex31,Charon,N,kansai,5,春,5,確認,ok,odaka,low,keihan,0.31808995260602785,0.3975461583428795,0.10239568324352621
904,vertex31,Charon,N,kansai,6,庭,1,類,ok,odaka,low,tokyo,0.44156888865747757,0.5107570616348893,0.273309546487552
904,vertex31,Charon,N,kansai,7,顔,1,類,ok,atamadaka,high,not_tokyo,-0.4145179326354854,0.1924174902116348,0.8977242092632758
904,vertex31,Charon,N,kansai,8,山,3,確認,ok,atamadaka,high,keihan,-0.6553938047641292,-0.24084853128186504,0.5901096761306227
904,vertex31,Charon,N,kansai,9,麦,4,類,ok,heiban,low,keihan,0.3463897144828042,0.08096875490607734,-0.4932559689328752
904,vertex31,Charon,N,kansai,10,鳥,1,類,ok,atamadaka,high,not_tokyo,-0.4808253505185757,0.08204113929348895,0.8837875227971075
904,vertex31,Charon,N,kansai,11,川,2,確認,ok,atamadaka,high,keihan,-0.15204641525754184,0.33682444835978,0.7868490849826915
904,vertex31,Charon,N,kansai,12,夢,2,確認,ok,atamadaka,high,keihan,-0.41362012851185903,0.10803102516581614,0.7500824954675382
904,vertex31,Charon,N,kansai,13,稲,4,類,ok,atamadaka,high,tokyo,-0.5530855895477479,0.005683872982326517,0.828599423389735
904,vertex31,Charon,N,kansai,14,紙,2,確認,ok,atamadaka,high,keihan,-0.634951440353516,-0.08184742302472685,0.8535697387602981
904,vertex31,Charon,N,kansai,15,水,1,類,ok,atamadaka,high,not_tokyo,0.105218652106735,0.46741808750760616,0.7257641701564042
904,vertex31,Charon,N,kansai,16,雨,5,確認,ok,odaka,low,keihan,0.48998016368053104,0.6228441368162112,0.032146060594148686
904,vertex31,Charon,N,kansai,17,窓,5,類,ok,heiban,low,keihan,0.47885059540071157,0.41624154686462644,0.03282883899585858
904,vertex31,Charon,N,kansai,18,海,4,類,ok,odaka,low,keihan,0.22724068565211492,0.6098125304520289,0.41319200472375384
904,vertex31,Charon,N,kansai,19,鼻,1,類,ok,atamadaka,high,not_tokyo,-0.13115940730199846,0.5234782747295739,0.8888001190339337
904,vertex31,Charon,N,kansai,20,声,5,類,ok,atamadaka,high,tokyo,-0.08452881027239187,0.1518450784884363,0.44270519177525586
904,vertex31,Charon,N,kansai,21,肩,4,類,ok,atamadaka,high,tokyo,0.06754266838600968,0.5813297453318246,0.7073893788006602
904,vertex31,Charon,N,kansai,22,糸,4,類,ok,atamadaka,high,tokyo,-0.26661670843301727,-0.007450687138561931,0.39324614742239544
904,vertex31,Charon,N,kansai,23,針,4,類,ok,odaka,low,keihan,0.2521380963096658,0.4885840852004575,0.2651831347841064
904,vertex31,Charon,N,kansai,24,前,5,確認,ok,atamadaka,high,tokyo,0.04735137374779355,0.3563804152172614,0.6867666361605622
905,vertex31,Kore,N,standard,1,鼻,1,類,ok,heiban,low,tokyo,0.9535876223471219,0.595104014724493,-0.5489763053571869
905,vertex31,Kore,N,standard,2,顔,1,類,ok,heiban,low,tokyo,0.9858982569244393,0.7035694160667751,-0.4286021301632157
905,vertex31,Kore,N,standard,3,前,5,確認,ok,atamadaka,high,tokyo,-0.3881267832398504,-0.041825030862428475,0.33203404880655296
905,vertex31,Kore,N,standard,4,鍋,5,類,ok,atamadaka,high,tokyo,-0.4379100308537028,-0.22958568958677822,0.29731319524937433
905,vertex31,Kore,N,standard,5,飴,1,類,ok,heiban,low,tokyo,0.9465363717509943,0.5625242343538311,-0.5523660471665595
905,vertex31,Kore,N,standard,6,夢,2,確認,ok,odaka,low,tokyo,0.2927785719804437,0.2973463672228452,-0.0035430594836497807
905,vertex31,Kore,N,standard,7,花,3,確認,ok,odaka,low,tokyo,0.8627303163524618,0.9516878714315984,0.08348139326521188
905,vertex31,Kore,N,standard,8,麦,4,類,ok,atamadaka,high,tokyo,-0.4200703091816086,-0.13783115504850804,0.4080073009849191
905,vertex31,Kore,N,standard,9,稲,4,類,ok,atamadaka,high,tokyo,-0.5931120989194585,-0.13743702909300487,0.7014173121540778
905,vertex31,Kore,N,standard,10,肩,4,類,ok,atamadaka,high,tokyo,-0.49275792562357823,-0.1143198704977159,0.43679831353292964
905,vertex31,Kore,N,standard,11,海,4,類,ok,atamadaka,high,tokyo,-0.6851645030631744,-0.3141532124383622,0.46151269533782036
905,vertex31,Kore,N,standard,12,庭,1,類,ok,heiban,low,tokyo,0.9981717249034671,0.7460400525005728,-0.3470995516372398
905,vertex31,Kore,N,standard,13,窓,5,類,ok,atamadaka,high,tokyo,-0.09129744110684274,0.17078048037118787,0.39771019702948995
905,vertex31,Kore,N,standard,14,針,4,類,ok,atamadaka,high,tokyo,-0.34210011285873854,0.024857905050082476,0.2746660897187645
905,vertex31,Kore,N,standard,15,鳥,1,類,ok,heiban,low,tokyo,0.9927957038545497,0.7807292534914992,-0.32404840312867766
905,vertex31,Kore,N,standard,16,糸,4,類,ok,atamadaka,high,tokyo,-0.3863745464067694,-0.012848803320581723,0.291562846097401
905,vertex31,Kore,N,standard,17,雨,5,確認,ok,atamadaka,high,tokyo,-0.6785989660578374,-0.3171167129263121,0.4572643134568198
905,vertex31,Kore,N,standard,18,耳,3,確認,ok,heiban,low,tokyo,0.49577990444006,0.35411530806962527,-0.21346578624064103
905,vertex31,Kore,N,standard,19,山,3,確認,ok,heiban,low,tokyo,0.35655066532543145,0.14945472687190714,-0.281065468263465
905,vertex31,Kore,N,standard,20,川,2,確認,ok,heiban,low,tokyo,0.44832911309682927,0.17928323235005567,-0.49650587826706677
905,vertex31,Kore,N,standard,21,水,1,類,ok,heiban,low,tokyo,0.9882173480495146,0.7092578939710927,-0.405065870336823
905,vertex31,Kore,N,standard,22,紙,2,確認,ok,heiban,low,tokyo,0.4183973206863145,0.08811382635791097,-0.6011922609916951
905,vertex31,Kore,N,standard,23,声,5,類,ok,odaka,low,keihan,0.5432154390002366,0.5616531232100767,0.08247781397052606
905,vertex31,Kore,N,standard,24,春,5,確認,ok,odaka,low,keihan,-0.043543054305396664,0.29217158770578555,0.16977160284411208
